UserID,SessionID,Timestamp,Version,Commit
ba9403c7-231d-4c66-a77e-c0c58f237017,5121a3e1-70ec-4bb7-b382-28d03ca28998,2024-12-09 12:25:21,1.0.1-3,cc25abc
ba9403c7-231d-4c66-a77e-c0c58f237017,2983d2f5-a864-4668-bf68-abf20896161a,2024-12-09 12:53:21,1.0.1-3,cc25abc
ba9403c7-231d-4c66-a77e-c0c58f237017,fa4adbfe-01eb-402b-9c89-098b5e834b86,2024-12-09 13:11:20,1.0.1-3,cc25abc
ba9403c7-231d-4c66-a77e-c0c58f237017,80335546-fb25-41d6-aa60-bfccc17073b4,2024-12-09 13:41:09,1.0.1-3,cc25abc
84eabfec-7be2-4fc3-b629-07386b850276,af1ecacc-a6d9-4ead-b36f-47e0c0be6f31,2024-12-10 11:51:31,1.0.1-4,fb561a8
84eabfec-7be2-4fc3-b629-07386b850276,a6f3d2e3-70e5-4618-87d3-54a0b0f97ad7,2024-12-10 12:23:31,1.0.1-4,fb561a8
84eabfec-7be2-4fc3-b629-07386b850276,c27784ce-07fb-4d39-badb-a7849a684bba,2024-12-10 13:30:47,1.0.1-4,fb561a8
84eabfec-7be2-4fc3-b629-07386b850276,e6456fe6-e657-4103-aa37-71112fbebd8a,2024-12-10 13:42:41,1.0.1-4,fb561a8
84eabfec-7be2-4fc3-b629-07386b850276,247749fb-aaa1-4b37-8d8c-51cd10718e58,2024-12-11 11:44:21,1.0.1-4,fb561a8
84eabfec-7be2-4fc3-b629-07386b850276,b0220702-1b8e-484b-b575-bf78f906729e,2024-12-11 12:22:57,1.0.1-4,fb561a8
84eabfec-7be2-4fc3-b629-07386b850276,74936db8-5d5a-40e8-b0ef-4f0b92bf60c7,2024-12-11 12:46:23,1.0.1-4,fb561a8
84eabfec-7be2-4fc3-b629-07386b850276,00767a77-8e76-4a31-8a62-581c864fd5bc,2024-12-11 13:40:29,1.0.1-4,fb561a8
84eabfec-7be2-4fc3-b629-07386b850276,55e5043c-5af0-419f-abdd-77103c1b6759,2024-12-12 11:39:07,1.0.1-4,fb561a8
84eabfec-7be2-4fc3-b629-07386b850276,361a4d9d-dd46-46f4-8379-92227c83fe28,2024-12-12 11:58:52,1.0.1-4,fb561a8
84eabfec-7be2-4fc3-b629-07386b850276,0d2b73b3-e5b0-4d79-b862-1a6197342c6f,2024-12-12 12:19:41,1.0.1-4,fb561a8
84eabfec-7be2-4fc3-b629-07386b850276,6537075b-11d1-4eaa-af4c-cf182be7c037,2024-12-12 12:33:45,1.0.1-4,fb561a8
84eabfec-7be2-4fc3-b629-07386b850276,c822210f-5ddb-4986-a430-d7becf1c0d1f,2024-12-12 12:49:06,1.0.1-4,fb561a8
84eabfec-7be2-4fc3-b629-07386b850276,bc492af5-64cf-4de8-9307-cda65161ed6c,2024-12-13 09:51:04,1.0.1-4,fb561a8
84eabfec-7be2-4fc3-b629-07386b850276,0a13c546-4673-49b7-ac9e-af1c6914e078,2024-12-13 10:28:20,1.0.1-4,fb561a8
84eabfec-7be2-4fc3-b629-07386b850276,b2faf250-1015-43dd-9dfc-59376fbed448,2024-12-13 10:38:39,1.0.1-4,fb561a8
84eabfec-7be2-4fc3-b629-07386b850276,f0d5033c-22e2-47be-808e-3df799bfceec,2024-12-13 10:48:35,1.0.1-4,fb561a8
84eabfec-7be2-4fc3-b629-07386b850276,5491795c-1373-4c7b-8a8a-6b18473bf99d,2024-12-13 11:06:02,1.0.1-4,fb561a8
84eabfec-7be2-4fc3-b629-07386b850276,c8ba1a87-3180-4204-bbd7-a8422376de57,2024-12-13 11:32:02,1.0.1-4,fb561a8
84eabfec-7be2-4fc3-b629-07386b850276,93cdc542-0c7a-497c-9f12-09f80775b1c4,2024-12-13 11:43:54,1.0.1-4,fb561a8
84eabfec-7be2-4fc3-b629-07386b850276,ee5abd88-5347-4472-8bee-ef92b09fb7a5,2024-12-13 11:57:42,1.0.1-4,fb561a8
84eabfec-7be2-4fc3-b629-07386b850276,6da3700b-70d7-4f53-9a08-c85cc4b3f5f9,2024-12-13 12:31:53,1.0.1-4,fb561a8
84eabfec-7be2-4fc3-b629-07386b850276,bfce0f51-2412-4284-a8da-91e72fa26111,2024-12-13 12:47:34,1.0.1-4,fb561a8
84eabfec-7be2-4fc3-b629-07386b850276,6d0c8679-c65f-42b1-9f32-e9d7dcbeb11b,2024-12-13 12:59:22,1.0.1-4,fb561a8
84eabfec-7be2-4fc3-b629-07386b850276,42d8499e-8d9b-4312-ac75-de241ac815dd,2024-12-13 13:10:24,1.0.1-4,fb561a8
84eabfec-7be2-4fc3-b629-07386b850276,eb658702-aead-4a67-8a9a-df8e42fb24d6,2024-12-13 13:26:39,1.0.1-4,fb561a8
84eabfec-7be2-4fc3-b629-07386b850276,f60d88a8-2f46-4a50-878f-69d2fda7bf21,2024-12-13 13:45:41,1.0.1-4,fb561a8
84eabfec-7be2-4fc3-b629-07386b850276,3de8cd92-6a26-48c6-9940-57712ef2d550,2024-12-13 13:58:13,1.0.1-4,fb561a8
84eabfec-7be2-4fc3-b629-07386b850276,64df1c8a-1e5e-457b-a1f5-ad4a5ae59cd2,2024-12-16 11:25:30,1.0.1-4,fb561a8
84eabfec-7be2-4fc3-b629-07386b850276,7e3d9cf7-2e0f-4dae-917e-43d22dbdf775,2024-12-16 11:40:59,1.0.1-4,fb561a8
84eabfec-7be2-4fc3-b629-07386b850276,c9dcdb15-7aef-4d39-b76e-c14d189c9cc0,2024-12-16 11:54:40,1.0.1-4,fb561a8
84eabfec-7be2-4fc3-b629-07386b850276,b4566786-bf1b-4c05-85d7-d1c93c79bff9,2024-12-16 12:09:09,1.0.1-4,fb561a8
84eabfec-7be2-4fc3-b629-07386b850276,00149986-4e2d-4759-921d-7265ce0808e4,2024-12-16 12:22:54,1.0.1-4,fb561a8
84eabfec-7be2-4fc3-b629-07386b850276,0594d306-1edf-411b-92d0-73b9bab24dea,2024-12-16 13:11:39,1.0.1-4,fb561a8
84eabfec-7be2-4fc3-b629-07386b850276,9a70825c-046d-4c0b-a00c-c178e9f671ae,2024-12-16 13:26:07,1.0.1-4,fb561a8
84eabfec-7be2-4fc3-b629-07386b850276,44787a54-0ec8-4169-93eb-b87992da9ba8,2024-12-16 13:37:08,1.0.1-4,fb561a8
