UserID,SessionID,Timestamp,Emotion1,Emotion2
ba9403c7-231d-4c66-a77e-c0c58f237017,5121a3e1-70ec-4bb7-b382-28d03ca28998,2024-12-09 12:27:13,confusion,engagement
ba9403c7-231d-4c66-a77e-c0c58f237017,5121a3e1-70ec-4bb7-b382-28d03ca28998,2024-12-09 12:27:52,confusion,engagement
ba9403c7-231d-4c66-a77e-c0c58f237017,5121a3e1-70ec-4bb7-b382-28d03ca28998,2024-12-09 12:28:28,confusion,
ba9403c7-231d-4c66-a77e-c0c58f237017,5121a3e1-70ec-4bb7-b382-28d03ca28998,2024-12-09 12:29:17,confusion,frustration
ba9403c7-231d-4c66-a77e-c0c58f237017,5121a3e1-70ec-4bb7-b382-28d03ca28998,2024-12-09 12:29:52,confusion,engagement
ba9403c7-231d-4c66-a77e-c0c58f237017,5121a3e1-70ec-4bb7-b382-28d03ca28998,2024-12-09 12:30:30,confusion,engagement
ba9403c7-231d-4c66-a77e-c0c58f237017,5121a3e1-70ec-4bb7-b382-28d03ca28998,2024-12-09 12:31:09,confusion,engagement
ba9403c7-231d-4c66-a77e-c0c58f237017,5121a3e1-70ec-4bb7-b382-28d03ca28998,2024-12-09 12:31:46,boredom,confusion
ba9403c7-231d-4c66-a77e-c0c58f237017,5121a3e1-70ec-4bb7-b382-28d03ca28998,2024-12-09 12:32:23,confusion,engagement
ba9403c7-231d-4c66-a77e-c0c58f237017,5121a3e1-70ec-4bb7-b382-28d03ca28998,2024-12-09 12:33:02,confusion,frustration
ba9403c7-231d-4c66-a77e-c0c58f237017,5121a3e1-70ec-4bb7-b382-28d03ca28998,2024-12-09 12:33:36,confusion,
ba9403c7-231d-4c66-a77e-c0c58f237017,5121a3e1-70ec-4bb7-b382-28d03ca28998,2024-12-09 12:34:12,boredom,confusion
ba9403c7-231d-4c66-a77e-c0c58f237017,5121a3e1-70ec-4bb7-b382-28d03ca28998,2024-12-09 12:34:47,boredom,confusion
ba9403c7-231d-4c66-a77e-c0c58f237017,5121a3e1-70ec-4bb7-b382-28d03ca28998,2024-12-09 12:35:34,confusion,frustration
ba9403c7-231d-4c66-a77e-c0c58f237017,5121a3e1-70ec-4bb7-b382-28d03ca28998,2024-12-09 12:36:11,confusion,frustration
ba9403c7-231d-4c66-a77e-c0c58f237017,5121a3e1-70ec-4bb7-b382-28d03ca28998,2024-12-09 12:36:44,confusion,
ba9403c7-231d-4c66-a77e-c0c58f237017,5121a3e1-70ec-4bb7-b382-28d03ca28998,2024-12-09 12:37:19,confusion,frustration
ba9403c7-231d-4c66-a77e-c0c58f237017,5121a3e1-70ec-4bb7-b382-28d03ca28998,2024-12-09 12:37:54,confusion,frustration
ba9403c7-231d-4c66-a77e-c0c58f237017,5121a3e1-70ec-4bb7-b382-28d03ca28998,2024-12-09 12:38:29,confusion,frustration
ba9403c7-231d-4c66-a77e-c0c58f237017,5121a3e1-70ec-4bb7-b382-28d03ca28998,2024-12-09 12:39:04,confusion,frustration
ba9403c7-231d-4c66-a77e-c0c58f237017,5121a3e1-70ec-4bb7-b382-28d03ca28998,2024-12-09 12:39:39,confusion,frustration
ba9403c7-231d-4c66-a77e-c0c58f237017,5121a3e1-70ec-4bb7-b382-28d03ca28998,2024-12-09 12:40:15,confusion,
ba9403c7-231d-4c66-a77e-c0c58f237017,5121a3e1-70ec-4bb7-b382-28d03ca28998,2024-12-09 12:40:53,confusion,
ba9403c7-231d-4c66-a77e-c0c58f237017,5121a3e1-70ec-4bb7-b382-28d03ca28998,2024-12-09 12:41:30,engagement,
ba9403c7-231d-4c66-a77e-c0c58f237017,5121a3e1-70ec-4bb7-b382-28d03ca28998,2024-12-09 12:42:23,confusion,
ba9403c7-231d-4c66-a77e-c0c58f237017,5121a3e1-70ec-4bb7-b382-28d03ca28998,2024-12-09 12:42:58,confusion,
ba9403c7-231d-4c66-a77e-c0c58f237017,5121a3e1-70ec-4bb7-b382-28d03ca28998,2024-12-09 12:43:31,confusion,
ba9403c7-231d-4c66-a77e-c0c58f237017,5121a3e1-70ec-4bb7-b382-28d03ca28998,2024-12-09 12:44:03,confusion,
ba9403c7-231d-4c66-a77e-c0c58f237017,5121a3e1-70ec-4bb7-b382-28d03ca28998,2024-12-09 12:44:37,confusion,frustration
ba9403c7-231d-4c66-a77e-c0c58f237017,5121a3e1-70ec-4bb7-b382-28d03ca28998,2024-12-09 12:45:10,confusion,frustration
ba9403c7-231d-4c66-a77e-c0c58f237017,5121a3e1-70ec-4bb7-b382-28d03ca28998,2024-12-09 12:45:46,confusion,frustration
ba9403c7-231d-4c66-a77e-c0c58f237017,5121a3e1-70ec-4bb7-b382-28d03ca28998,2024-12-09 12:46:24,confusion,frustration
ba9403c7-231d-4c66-a77e-c0c58f237017,5121a3e1-70ec-4bb7-b382-28d03ca28998,2024-12-09 12:46:57,confusion,frustration
ba9403c7-231d-4c66-a77e-c0c58f237017,5121a3e1-70ec-4bb7-b382-28d03ca28998,2024-12-09 12:47:31,confusion,frustration
ba9403c7-231d-4c66-a77e-c0c58f237017,5121a3e1-70ec-4bb7-b382-28d03ca28998,2024-12-09 12:48:10,confusion,engagement
ba9403c7-231d-4c66-a77e-c0c58f237017,5121a3e1-70ec-4bb7-b382-28d03ca28998,2024-12-09 12:48:47,confusion,frustration
ba9403c7-231d-4c66-a77e-c0c58f237017,5121a3e1-70ec-4bb7-b382-28d03ca28998,2024-12-09 12:49:21,confusion,engagement
ba9403c7-231d-4c66-a77e-c0c58f237017,2983d2f5-a864-4668-bf68-abf20896161a,2024-12-09 12:54:31,confusion,
ba9403c7-231d-4c66-a77e-c0c58f237017,2983d2f5-a864-4668-bf68-abf20896161a,2024-12-09 12:55:04,confusion,
ba9403c7-231d-4c66-a77e-c0c58f237017,2983d2f5-a864-4668-bf68-abf20896161a,2024-12-09 12:55:37,engagement,
ba9403c7-231d-4c66-a77e-c0c58f237017,2983d2f5-a864-4668-bf68-abf20896161a,2024-12-09 12:56:12,engagement,frustration
ba9403c7-231d-4c66-a77e-c0c58f237017,2983d2f5-a864-4668-bf68-abf20896161a,2024-12-09 12:56:47,engagement,frustration
ba9403c7-231d-4c66-a77e-c0c58f237017,2983d2f5-a864-4668-bf68-abf20896161a,2024-12-09 12:57:20,confusion,engagement
ba9403c7-231d-4c66-a77e-c0c58f237017,2983d2f5-a864-4668-bf68-abf20896161a,2024-12-09 12:57:58,engagement,
ba9403c7-231d-4c66-a77e-c0c58f237017,2983d2f5-a864-4668-bf68-abf20896161a,2024-12-09 12:58:32,engagement,frustration
ba9403c7-231d-4c66-a77e-c0c58f237017,2983d2f5-a864-4668-bf68-abf20896161a,2024-12-09 12:59:06,engagement,frustration
ba9403c7-231d-4c66-a77e-c0c58f237017,2983d2f5-a864-4668-bf68-abf20896161a,2024-12-09 12:59:39,frustration,
ba9403c7-231d-4c66-a77e-c0c58f237017,2983d2f5-a864-4668-bf68-abf20896161a,2024-12-09 13:00:12,engagement,frustration
ba9403c7-231d-4c66-a77e-c0c58f237017,2983d2f5-a864-4668-bf68-abf20896161a,2024-12-09 13:00:46,confusion,frustration
ba9403c7-231d-4c66-a77e-c0c58f237017,2983d2f5-a864-4668-bf68-abf20896161a,2024-12-09 13:01:20,confusion,engagement
ba9403c7-231d-4c66-a77e-c0c58f237017,2983d2f5-a864-4668-bf68-abf20896161a,2024-12-09 13:01:55,engagement,frustration
ba9403c7-231d-4c66-a77e-c0c58f237017,2983d2f5-a864-4668-bf68-abf20896161a,2024-12-09 13:02:27,engagement,
ba9403c7-231d-4c66-a77e-c0c58f237017,2983d2f5-a864-4668-bf68-abf20896161a,2024-12-09 13:03:01,frustration,
ba9403c7-231d-4c66-a77e-c0c58f237017,2983d2f5-a864-4668-bf68-abf20896161a,2024-12-09 13:03:34,frustration,
ba9403c7-231d-4c66-a77e-c0c58f237017,2983d2f5-a864-4668-bf68-abf20896161a,2024-12-09 13:04:07,engagement,
ba9403c7-231d-4c66-a77e-c0c58f237017,2983d2f5-a864-4668-bf68-abf20896161a,2024-12-09 13:04:40,engagement,
ba9403c7-231d-4c66-a77e-c0c58f237017,fa4adbfe-01eb-402b-9c89-098b5e834b86,2024-12-09 13:14:02,engagement,
ba9403c7-231d-4c66-a77e-c0c58f237017,fa4adbfe-01eb-402b-9c89-098b5e834b86,2024-12-09 13:14:36,frustration,neutral
ba9403c7-231d-4c66-a77e-c0c58f237017,fa4adbfe-01eb-402b-9c89-098b5e834b86,2024-12-09 13:15:09,neutral,
ba9403c7-231d-4c66-a77e-c0c58f237017,fa4adbfe-01eb-402b-9c89-098b5e834b86,2024-12-09 13:15:44,neutral,
ba9403c7-231d-4c66-a77e-c0c58f237017,fa4adbfe-01eb-402b-9c89-098b5e834b86,2024-12-09 13:16:17,neutral,
ba9403c7-231d-4c66-a77e-c0c58f237017,fa4adbfe-01eb-402b-9c89-098b5e834b86,2024-12-09 13:16:50,confusion,
ba9403c7-231d-4c66-a77e-c0c58f237017,fa4adbfe-01eb-402b-9c89-098b5e834b86,2024-12-09 13:17:25,neutral,
ba9403c7-231d-4c66-a77e-c0c58f237017,fa4adbfe-01eb-402b-9c89-098b5e834b86,2024-12-09 13:18:10,confusion,
ba9403c7-231d-4c66-a77e-c0c58f237017,fa4adbfe-01eb-402b-9c89-098b5e834b86,2024-12-09 13:18:44,confusion,
ba9403c7-231d-4c66-a77e-c0c58f237017,fa4adbfe-01eb-402b-9c89-098b5e834b86,2024-12-09 13:19:18,confusion,
ba9403c7-231d-4c66-a77e-c0c58f237017,fa4adbfe-01eb-402b-9c89-098b5e834b86,2024-12-09 13:19:53,confusion,
ba9403c7-231d-4c66-a77e-c0c58f237017,fa4adbfe-01eb-402b-9c89-098b5e834b86,2024-12-09 13:20:34,confusion,
ba9403c7-231d-4c66-a77e-c0c58f237017,fa4adbfe-01eb-402b-9c89-098b5e834b86,2024-12-09 13:21:07,neutral,
ba9403c7-231d-4c66-a77e-c0c58f237017,fa4adbfe-01eb-402b-9c89-098b5e834b86,2024-12-09 13:21:39,engagement,
ba9403c7-231d-4c66-a77e-c0c58f237017,fa4adbfe-01eb-402b-9c89-098b5e834b86,2024-12-09 13:22:12,engagement,
ba9403c7-231d-4c66-a77e-c0c58f237017,fa4adbfe-01eb-402b-9c89-098b5e834b86,2024-12-09 13:22:54,neutral,
ba9403c7-231d-4c66-a77e-c0c58f237017,fa4adbfe-01eb-402b-9c89-098b5e834b86,2024-12-09 13:23:27,engagement,
ba9403c7-231d-4c66-a77e-c0c58f237017,80335546-fb25-41d6-aa60-bfccc17073b4,2024-12-09 13:43:13,neutral,
ba9403c7-231d-4c66-a77e-c0c58f237017,80335546-fb25-41d6-aa60-bfccc17073b4,2024-12-09 13:43:47,neutral,
ba9403c7-231d-4c66-a77e-c0c58f237017,80335546-fb25-41d6-aa60-bfccc17073b4,2024-12-09 13:44:21,confusion,neutral
ba9403c7-231d-4c66-a77e-c0c58f237017,80335546-fb25-41d6-aa60-bfccc17073b4,2024-12-09 13:44:54,confusion,
ba9403c7-231d-4c66-a77e-c0c58f237017,80335546-fb25-41d6-aa60-bfccc17073b4,2024-12-09 13:45:29,confusion,engagement
ba9403c7-231d-4c66-a77e-c0c58f237017,80335546-fb25-41d6-aa60-bfccc17073b4,2024-12-09 13:46:03,neutral,
ba9403c7-231d-4c66-a77e-c0c58f237017,80335546-fb25-41d6-aa60-bfccc17073b4,2024-12-09 13:46:38,engagement,neutral
ba9403c7-231d-4c66-a77e-c0c58f237017,80335546-fb25-41d6-aa60-bfccc17073b4,2024-12-09 13:47:12,frustration,
ba9403c7-231d-4c66-a77e-c0c58f237017,80335546-fb25-41d6-aa60-bfccc17073b4,2024-12-09 13:47:47,frustration,
ba9403c7-231d-4c66-a77e-c0c58f237017,80335546-fb25-41d6-aa60-bfccc17073b4,2024-12-09 13:48:22,confusion,
ba9403c7-231d-4c66-a77e-c0c58f237017,80335546-fb25-41d6-aa60-bfccc17073b4,2024-12-09 13:48:57,confusion,
84eabfec-7be2-4fc3-b629-07386b850276,af1ecacc-a6d9-4ead-b36f-47e0c0be6f31,2024-12-10 11:54:33,confusion,neutral
84eabfec-7be2-4fc3-b629-07386b850276,af1ecacc-a6d9-4ead-b36f-47e0c0be6f31,2024-12-10 11:55:07,confusion,neutral
84eabfec-7be2-4fc3-b629-07386b850276,af1ecacc-a6d9-4ead-b36f-47e0c0be6f31,2024-12-10 11:55:42,confusion,neutral
84eabfec-7be2-4fc3-b629-07386b850276,af1ecacc-a6d9-4ead-b36f-47e0c0be6f31,2024-12-10 11:56:15,confusion,neutral
84eabfec-7be2-4fc3-b629-07386b850276,af1ecacc-a6d9-4ead-b36f-47e0c0be6f31,2024-12-10 11:56:47,confusion,
84eabfec-7be2-4fc3-b629-07386b850276,af1ecacc-a6d9-4ead-b36f-47e0c0be6f31,2024-12-10 11:57:19,confusion,
84eabfec-7be2-4fc3-b629-07386b850276,af1ecacc-a6d9-4ead-b36f-47e0c0be6f31,2024-12-10 11:57:55,confusion,
84eabfec-7be2-4fc3-b629-07386b850276,af1ecacc-a6d9-4ead-b36f-47e0c0be6f31,2024-12-10 11:58:30,confusion,engagement
84eabfec-7be2-4fc3-b629-07386b850276,af1ecacc-a6d9-4ead-b36f-47e0c0be6f31,2024-12-10 11:59:03,confusion,
84eabfec-7be2-4fc3-b629-07386b850276,af1ecacc-a6d9-4ead-b36f-47e0c0be6f31,2024-12-10 11:59:36,confusion,engagement
84eabfec-7be2-4fc3-b629-07386b850276,af1ecacc-a6d9-4ead-b36f-47e0c0be6f31,2024-12-10 12:00:10,confusion,
84eabfec-7be2-4fc3-b629-07386b850276,af1ecacc-a6d9-4ead-b36f-47e0c0be6f31,2024-12-10 12:00:45,confusion,
84eabfec-7be2-4fc3-b629-07386b850276,af1ecacc-a6d9-4ead-b36f-47e0c0be6f31,2024-12-10 12:01:20,confusion,
84eabfec-7be2-4fc3-b629-07386b850276,af1ecacc-a6d9-4ead-b36f-47e0c0be6f31,2024-12-10 12:01:53,confusion,engagement
84eabfec-7be2-4fc3-b629-07386b850276,af1ecacc-a6d9-4ead-b36f-47e0c0be6f31,2024-12-10 12:02:27,engagement,
84eabfec-7be2-4fc3-b629-07386b850276,af1ecacc-a6d9-4ead-b36f-47e0c0be6f31,2024-12-10 12:03:03,confusion,engagement
84eabfec-7be2-4fc3-b629-07386b850276,af1ecacc-a6d9-4ead-b36f-47e0c0be6f31,2024-12-10 12:03:37,confusion,frustration
84eabfec-7be2-4fc3-b629-07386b850276,af1ecacc-a6d9-4ead-b36f-47e0c0be6f31,2024-12-10 12:04:11,confusion,frustration
84eabfec-7be2-4fc3-b629-07386b850276,af1ecacc-a6d9-4ead-b36f-47e0c0be6f31,2024-12-10 12:04:49,confusion,engagement
84eabfec-7be2-4fc3-b629-07386b850276,af1ecacc-a6d9-4ead-b36f-47e0c0be6f31,2024-12-10 12:05:25,confusion,frustration
84eabfec-7be2-4fc3-b629-07386b850276,af1ecacc-a6d9-4ead-b36f-47e0c0be6f31,2024-12-10 12:06:00,confusion,frustration
84eabfec-7be2-4fc3-b629-07386b850276,af1ecacc-a6d9-4ead-b36f-47e0c0be6f31,2024-12-10 12:06:35,engagement,frustration
84eabfec-7be2-4fc3-b629-07386b850276,af1ecacc-a6d9-4ead-b36f-47e0c0be6f31,2024-12-10 12:07:07,confusion,
84eabfec-7be2-4fc3-b629-07386b850276,af1ecacc-a6d9-4ead-b36f-47e0c0be6f31,2024-12-10 12:07:39,confusion,frustration
84eabfec-7be2-4fc3-b629-07386b850276,af1ecacc-a6d9-4ead-b36f-47e0c0be6f31,2024-12-10 12:08:16,frustration,
84eabfec-7be2-4fc3-b629-07386b850276,af1ecacc-a6d9-4ead-b36f-47e0c0be6f31,2024-12-10 12:08:50,frustration,
84eabfec-7be2-4fc3-b629-07386b850276,af1ecacc-a6d9-4ead-b36f-47e0c0be6f31,2024-12-10 12:09:28,boredom,frustration
84eabfec-7be2-4fc3-b629-07386b850276,af1ecacc-a6d9-4ead-b36f-47e0c0be6f31,2024-12-10 12:10:01,confusion,frustration
84eabfec-7be2-4fc3-b629-07386b850276,af1ecacc-a6d9-4ead-b36f-47e0c0be6f31,2024-12-10 12:10:33,frustration,
84eabfec-7be2-4fc3-b629-07386b850276,af1ecacc-a6d9-4ead-b36f-47e0c0be6f31,2024-12-10 12:11:06,frustration,
84eabfec-7be2-4fc3-b629-07386b850276,a6f3d2e3-70e5-4618-87d3-54a0b0f97ad7,2024-12-10 12:26:01,neutral,
84eabfec-7be2-4fc3-b629-07386b850276,a6f3d2e3-70e5-4618-87d3-54a0b0f97ad7,2024-12-10 12:26:35,neutral,
84eabfec-7be2-4fc3-b629-07386b850276,a6f3d2e3-70e5-4618-87d3-54a0b0f97ad7,2024-12-10 12:27:09,neutral,
84eabfec-7be2-4fc3-b629-07386b850276,a6f3d2e3-70e5-4618-87d3-54a0b0f97ad7,2024-12-10 12:27:48,frustration,neutral
84eabfec-7be2-4fc3-b629-07386b850276,a6f3d2e3-70e5-4618-87d3-54a0b0f97ad7,2024-12-10 12:28:21,frustration,neutral
84eabfec-7be2-4fc3-b629-07386b850276,a6f3d2e3-70e5-4618-87d3-54a0b0f97ad7,2024-12-10 12:29:02,confusion,neutral
84eabfec-7be2-4fc3-b629-07386b850276,a6f3d2e3-70e5-4618-87d3-54a0b0f97ad7,2024-12-10 12:29:37,confusion,neutral
84eabfec-7be2-4fc3-b629-07386b850276,a6f3d2e3-70e5-4618-87d3-54a0b0f97ad7,2024-12-10 12:30:12,confusion,neutral
84eabfec-7be2-4fc3-b629-07386b850276,a6f3d2e3-70e5-4618-87d3-54a0b0f97ad7,2024-12-10 12:30:47,confusion,neutral
84eabfec-7be2-4fc3-b629-07386b850276,a6f3d2e3-70e5-4618-87d3-54a0b0f97ad7,2024-12-10 12:31:22,boredom,confusion
84eabfec-7be2-4fc3-b629-07386b850276,a6f3d2e3-70e5-4618-87d3-54a0b0f97ad7,2024-12-10 12:31:56,boredom,confusion
84eabfec-7be2-4fc3-b629-07386b850276,a6f3d2e3-70e5-4618-87d3-54a0b0f97ad7,2024-12-10 12:32:29,boredom,confusion
84eabfec-7be2-4fc3-b629-07386b850276,a6f3d2e3-70e5-4618-87d3-54a0b0f97ad7,2024-12-10 12:33:02,confusion,
84eabfec-7be2-4fc3-b629-07386b850276,a6f3d2e3-70e5-4618-87d3-54a0b0f97ad7,2024-12-10 12:33:38,confusion,
84eabfec-7be2-4fc3-b629-07386b850276,a6f3d2e3-70e5-4618-87d3-54a0b0f97ad7,2024-12-10 12:34:11,confusion,
84eabfec-7be2-4fc3-b629-07386b850276,a6f3d2e3-70e5-4618-87d3-54a0b0f97ad7,2024-12-10 12:34:49,confusion,neutral
84eabfec-7be2-4fc3-b629-07386b850276,a6f3d2e3-70e5-4618-87d3-54a0b0f97ad7,2024-12-10 12:35:23,engagement,neutral
84eabfec-7be2-4fc3-b629-07386b850276,a6f3d2e3-70e5-4618-87d3-54a0b0f97ad7,2024-12-10 12:35:57,engagement,neutral
84eabfec-7be2-4fc3-b629-07386b850276,a6f3d2e3-70e5-4618-87d3-54a0b0f97ad7,2024-12-10 12:36:32,neutral,
84eabfec-7be2-4fc3-b629-07386b850276,a6f3d2e3-70e5-4618-87d3-54a0b0f97ad7,2024-12-10 12:37:07,neutral,
84eabfec-7be2-4fc3-b629-07386b850276,a6f3d2e3-70e5-4618-87d3-54a0b0f97ad7,2024-12-10 12:37:39,neutral,
84eabfec-7be2-4fc3-b629-07386b850276,a6f3d2e3-70e5-4618-87d3-54a0b0f97ad7,2024-12-10 12:38:18,engagement,neutral
84eabfec-7be2-4fc3-b629-07386b850276,a6f3d2e3-70e5-4618-87d3-54a0b0f97ad7,2024-12-10 12:38:55,engagement,neutral
84eabfec-7be2-4fc3-b629-07386b850276,a6f3d2e3-70e5-4618-87d3-54a0b0f97ad7,2024-12-10 12:39:28,neutral,
84eabfec-7be2-4fc3-b629-07386b850276,a6f3d2e3-70e5-4618-87d3-54a0b0f97ad7,2024-12-10 12:40:01,neutral,
84eabfec-7be2-4fc3-b629-07386b850276,a6f3d2e3-70e5-4618-87d3-54a0b0f97ad7,2024-12-10 12:40:34,neutral,
84eabfec-7be2-4fc3-b629-07386b850276,a6f3d2e3-70e5-4618-87d3-54a0b0f97ad7,2024-12-10 12:41:07,neutral,
84eabfec-7be2-4fc3-b629-07386b850276,a6f3d2e3-70e5-4618-87d3-54a0b0f97ad7,2024-12-10 12:41:40,neutral,
84eabfec-7be2-4fc3-b629-07386b850276,a6f3d2e3-70e5-4618-87d3-54a0b0f97ad7,2024-12-10 12:42:12,neutral,
84eabfec-7be2-4fc3-b629-07386b850276,a6f3d2e3-70e5-4618-87d3-54a0b0f97ad7,2024-12-10 12:42:50,neutral,
84eabfec-7be2-4fc3-b629-07386b850276,c27784ce-07fb-4d39-badb-a7849a684bba,2024-12-10 13:32:07,confusion,engagement
84eabfec-7be2-4fc3-b629-07386b850276,c27784ce-07fb-4d39-badb-a7849a684bba,2024-12-10 13:32:43,confusion,engagement
84eabfec-7be2-4fc3-b629-07386b850276,c27784ce-07fb-4d39-badb-a7849a684bba,2024-12-10 13:33:18,engagement,neutral
84eabfec-7be2-4fc3-b629-07386b850276,c27784ce-07fb-4d39-badb-a7849a684bba,2024-12-10 13:33:51,confusion,engagement
84eabfec-7be2-4fc3-b629-07386b850276,c27784ce-07fb-4d39-badb-a7849a684bba,2024-12-10 13:34:25,engagement,neutral
84eabfec-7be2-4fc3-b629-07386b850276,c27784ce-07fb-4d39-badb-a7849a684bba,2024-12-10 13:35:00,confusion,engagement
84eabfec-7be2-4fc3-b629-07386b850276,c27784ce-07fb-4d39-badb-a7849a684bba,2024-12-10 13:35:34,confusion,neutral
84eabfec-7be2-4fc3-b629-07386b850276,c27784ce-07fb-4d39-badb-a7849a684bba,2024-12-10 13:36:08,confusion,engagement
84eabfec-7be2-4fc3-b629-07386b850276,c27784ce-07fb-4d39-badb-a7849a684bba,2024-12-10 13:36:47,engagement,neutral
84eabfec-7be2-4fc3-b629-07386b850276,c27784ce-07fb-4d39-badb-a7849a684bba,2024-12-10 13:37:20,engagement,neutral
84eabfec-7be2-4fc3-b629-07386b850276,c27784ce-07fb-4d39-badb-a7849a684bba,2024-12-10 13:37:54,confusion,engagement
84eabfec-7be2-4fc3-b629-07386b850276,c27784ce-07fb-4d39-badb-a7849a684bba,2024-12-10 13:38:27,engagement,neutral
84eabfec-7be2-4fc3-b629-07386b850276,c27784ce-07fb-4d39-badb-a7849a684bba,2024-12-10 13:39:00,confusion,engagement
84eabfec-7be2-4fc3-b629-07386b850276,c27784ce-07fb-4d39-badb-a7849a684bba,2024-12-10 13:39:32,engagement,neutral
84eabfec-7be2-4fc3-b629-07386b850276,c27784ce-07fb-4d39-badb-a7849a684bba,2024-12-10 13:40:08,engagement,neutral
84eabfec-7be2-4fc3-b629-07386b850276,c27784ce-07fb-4d39-badb-a7849a684bba,2024-12-10 13:40:42,engagement,frustration
84eabfec-7be2-4fc3-b629-07386b850276,e6456fe6-e657-4103-aa37-71112fbebd8a,2024-12-10 13:43:53,confusion,
84eabfec-7be2-4fc3-b629-07386b850276,e6456fe6-e657-4103-aa37-71112fbebd8a,2024-12-10 13:44:27,confusion,
84eabfec-7be2-4fc3-b629-07386b850276,e6456fe6-e657-4103-aa37-71112fbebd8a,2024-12-10 13:45:04,confusion,engagement
84eabfec-7be2-4fc3-b629-07386b850276,e6456fe6-e657-4103-aa37-71112fbebd8a,2024-12-10 13:45:41,confusion,neutral
84eabfec-7be2-4fc3-b629-07386b850276,e6456fe6-e657-4103-aa37-71112fbebd8a,2024-12-10 13:46:15,confusion,
84eabfec-7be2-4fc3-b629-07386b850276,e6456fe6-e657-4103-aa37-71112fbebd8a,2024-12-10 13:46:48,confusion,
84eabfec-7be2-4fc3-b629-07386b850276,e6456fe6-e657-4103-aa37-71112fbebd8a,2024-12-10 13:47:21,confusion,
84eabfec-7be2-4fc3-b629-07386b850276,e6456fe6-e657-4103-aa37-71112fbebd8a,2024-12-10 13:47:54,confusion,neutral
84eabfec-7be2-4fc3-b629-07386b850276,e6456fe6-e657-4103-aa37-71112fbebd8a,2024-12-10 13:48:27,boredom,confusion
84eabfec-7be2-4fc3-b629-07386b850276,e6456fe6-e657-4103-aa37-71112fbebd8a,2024-12-10 13:49:00,confusion,
84eabfec-7be2-4fc3-b629-07386b850276,e6456fe6-e657-4103-aa37-71112fbebd8a,2024-12-10 13:49:33,confusion,
84eabfec-7be2-4fc3-b629-07386b850276,e6456fe6-e657-4103-aa37-71112fbebd8a,2024-12-10 13:50:07,confusion,frustration
84eabfec-7be2-4fc3-b629-07386b850276,e6456fe6-e657-4103-aa37-71112fbebd8a,2024-12-10 13:50:41,confusion,engagement
84eabfec-7be2-4fc3-b629-07386b850276,e6456fe6-e657-4103-aa37-71112fbebd8a,2024-12-10 13:51:13,engagement,
84eabfec-7be2-4fc3-b629-07386b850276,e6456fe6-e657-4103-aa37-71112fbebd8a,2024-12-10 13:51:49,boredom,confusion
84eabfec-7be2-4fc3-b629-07386b850276,e6456fe6-e657-4103-aa37-71112fbebd8a,2024-12-10 13:52:24,confusion,engagement
84eabfec-7be2-4fc3-b629-07386b850276,e6456fe6-e657-4103-aa37-71112fbebd8a,2024-12-10 13:53:00,engagement,
84eabfec-7be2-4fc3-b629-07386b850276,e6456fe6-e657-4103-aa37-71112fbebd8a,2024-12-10 13:53:35,engagement,
84eabfec-7be2-4fc3-b629-07386b850276,e6456fe6-e657-4103-aa37-71112fbebd8a,2024-12-10 13:54:07,engagement,
84eabfec-7be2-4fc3-b629-07386b850276,e6456fe6-e657-4103-aa37-71112fbebd8a,2024-12-10 13:54:40,engagement,
84eabfec-7be2-4fc3-b629-07386b850276,e6456fe6-e657-4103-aa37-71112fbebd8a,2024-12-10 13:55:14,engagement,
84eabfec-7be2-4fc3-b629-07386b850276,e6456fe6-e657-4103-aa37-71112fbebd8a,2024-12-10 13:55:47,engagement,frustration
84eabfec-7be2-4fc3-b629-07386b850276,e6456fe6-e657-4103-aa37-71112fbebd8a,2024-12-10 13:56:24,engagement,neutral
84eabfec-7be2-4fc3-b629-07386b850276,247749fb-aaa1-4b37-8d8c-51cd10718e58,2024-12-11 11:45:13,engagement,neutral
84eabfec-7be2-4fc3-b629-07386b850276,247749fb-aaa1-4b37-8d8c-51cd10718e58,2024-12-11 11:45:47,engagement,neutral
84eabfec-7be2-4fc3-b629-07386b850276,247749fb-aaa1-4b37-8d8c-51cd10718e58,2024-12-11 11:46:22,engagement,neutral
84eabfec-7be2-4fc3-b629-07386b850276,247749fb-aaa1-4b37-8d8c-51cd10718e58,2024-12-11 11:46:57,confusion,neutral
84eabfec-7be2-4fc3-b629-07386b850276,247749fb-aaa1-4b37-8d8c-51cd10718e58,2024-12-11 11:47:37,confusion,neutral
84eabfec-7be2-4fc3-b629-07386b850276,247749fb-aaa1-4b37-8d8c-51cd10718e58,2024-12-11 11:48:13,engagement,neutral
84eabfec-7be2-4fc3-b629-07386b850276,247749fb-aaa1-4b37-8d8c-51cd10718e58,2024-12-11 11:48:46,engagement,neutral
84eabfec-7be2-4fc3-b629-07386b850276,247749fb-aaa1-4b37-8d8c-51cd10718e58,2024-12-11 11:49:19,engagement,neutral
84eabfec-7be2-4fc3-b629-07386b850276,247749fb-aaa1-4b37-8d8c-51cd10718e58,2024-12-11 11:49:55,engagement,neutral
84eabfec-7be2-4fc3-b629-07386b850276,247749fb-aaa1-4b37-8d8c-51cd10718e58,2024-12-11 11:50:29,confusion,neutral
84eabfec-7be2-4fc3-b629-07386b850276,247749fb-aaa1-4b37-8d8c-51cd10718e58,2024-12-11 11:51:03,confusion,neutral
84eabfec-7be2-4fc3-b629-07386b850276,247749fb-aaa1-4b37-8d8c-51cd10718e58,2024-12-11 11:51:38,confusion,neutral
84eabfec-7be2-4fc3-b629-07386b850276,247749fb-aaa1-4b37-8d8c-51cd10718e58,2024-12-11 11:52:11,confusion,neutral
84eabfec-7be2-4fc3-b629-07386b850276,247749fb-aaa1-4b37-8d8c-51cd10718e58,2024-12-11 11:52:47,engagement,neutral
84eabfec-7be2-4fc3-b629-07386b850276,247749fb-aaa1-4b37-8d8c-51cd10718e58,2024-12-11 11:53:19,engagement,neutral
84eabfec-7be2-4fc3-b629-07386b850276,247749fb-aaa1-4b37-8d8c-51cd10718e58,2024-12-11 11:53:51,confusion,neutral
84eabfec-7be2-4fc3-b629-07386b850276,247749fb-aaa1-4b37-8d8c-51cd10718e58,2024-12-11 11:54:26,engagement,neutral
84eabfec-7be2-4fc3-b629-07386b850276,247749fb-aaa1-4b37-8d8c-51cd10718e58,2024-12-11 11:55:05,engagement,neutral
84eabfec-7be2-4fc3-b629-07386b850276,b0220702-1b8e-484b-b575-bf78f906729e,2024-12-11 12:25:10,confusion,
84eabfec-7be2-4fc3-b629-07386b850276,b0220702-1b8e-484b-b575-bf78f906729e,2024-12-11 12:25:45,confusion,
84eabfec-7be2-4fc3-b629-07386b850276,b0220702-1b8e-484b-b575-bf78f906729e,2024-12-11 12:26:19,confusion,
84eabfec-7be2-4fc3-b629-07386b850276,b0220702-1b8e-484b-b575-bf78f906729e,2024-12-11 12:26:56,confusion,
84eabfec-7be2-4fc3-b629-07386b850276,b0220702-1b8e-484b-b575-bf78f906729e,2024-12-11 12:27:30,neutral,
84eabfec-7be2-4fc3-b629-07386b850276,b0220702-1b8e-484b-b575-bf78f906729e,2024-12-11 12:28:07,confusion,frustration
84eabfec-7be2-4fc3-b629-07386b850276,b0220702-1b8e-484b-b575-bf78f906729e,2024-12-11 12:28:41,confusion,frustration
84eabfec-7be2-4fc3-b629-07386b850276,b0220702-1b8e-484b-b575-bf78f906729e,2024-12-11 12:29:16,confusion,frustration
84eabfec-7be2-4fc3-b629-07386b850276,b0220702-1b8e-484b-b575-bf78f906729e,2024-12-11 12:29:53,confusion,neutral
84eabfec-7be2-4fc3-b629-07386b850276,b0220702-1b8e-484b-b575-bf78f906729e,2024-12-11 12:30:27,confusion,neutral
84eabfec-7be2-4fc3-b629-07386b850276,b0220702-1b8e-484b-b575-bf78f906729e,2024-12-11 12:31:02,confusion,frustration
84eabfec-7be2-4fc3-b629-07386b850276,b0220702-1b8e-484b-b575-bf78f906729e,2024-12-11 12:31:38,frustration,neutral
84eabfec-7be2-4fc3-b629-07386b850276,b0220702-1b8e-484b-b575-bf78f906729e,2024-12-11 12:32:11,confusion,
84eabfec-7be2-4fc3-b629-07386b850276,b0220702-1b8e-484b-b575-bf78f906729e,2024-12-11 12:32:46,engagement,frustration
84eabfec-7be2-4fc3-b629-07386b850276,b0220702-1b8e-484b-b575-bf78f906729e,2024-12-11 12:33:22,engagement,neutral
84eabfec-7be2-4fc3-b629-07386b850276,b0220702-1b8e-484b-b575-bf78f906729e,2024-12-11 12:33:57,confusion,engagement
84eabfec-7be2-4fc3-b629-07386b850276,b0220702-1b8e-484b-b575-bf78f906729e,2024-12-11 12:34:33,confusion,neutral
84eabfec-7be2-4fc3-b629-07386b850276,b0220702-1b8e-484b-b575-bf78f906729e,2024-12-11 12:35:08,confusion,neutral
84eabfec-7be2-4fc3-b629-07386b850276,b0220702-1b8e-484b-b575-bf78f906729e,2024-12-11 12:35:42,confusion,engagement
84eabfec-7be2-4fc3-b629-07386b850276,b0220702-1b8e-484b-b575-bf78f906729e,2024-12-11 12:36:17,engagement,frustration
84eabfec-7be2-4fc3-b629-07386b850276,b0220702-1b8e-484b-b575-bf78f906729e,2024-12-11 12:36:54,boredom,frustration
84eabfec-7be2-4fc3-b629-07386b850276,b0220702-1b8e-484b-b575-bf78f906729e,2024-12-11 12:37:29,engagement,neutral
84eabfec-7be2-4fc3-b629-07386b850276,b0220702-1b8e-484b-b575-bf78f906729e,2024-12-11 12:38:03,engagement,frustration
84eabfec-7be2-4fc3-b629-07386b850276,b0220702-1b8e-484b-b575-bf78f906729e,2024-12-11 12:38:37,engagement,frustration
84eabfec-7be2-4fc3-b629-07386b850276,b0220702-1b8e-484b-b575-bf78f906729e,2024-12-11 12:39:13,confusion,engagement
84eabfec-7be2-4fc3-b629-07386b850276,b0220702-1b8e-484b-b575-bf78f906729e,2024-12-11 12:39:49,engagement,neutral
84eabfec-7be2-4fc3-b629-07386b850276,b0220702-1b8e-484b-b575-bf78f906729e,2024-12-11 12:40:29,confusion,engagement
84eabfec-7be2-4fc3-b629-07386b850276,b0220702-1b8e-484b-b575-bf78f906729e,2024-12-11 12:41:10,confusion,frustration
84eabfec-7be2-4fc3-b629-07386b850276,b0220702-1b8e-484b-b575-bf78f906729e,2024-12-11 12:41:44,engagement,neutral
84eabfec-7be2-4fc3-b629-07386b850276,b0220702-1b8e-484b-b575-bf78f906729e,2024-12-11 12:42:19,engagement,neutral
84eabfec-7be2-4fc3-b629-07386b850276,b0220702-1b8e-484b-b575-bf78f906729e,2024-12-11 12:42:52,engagement,neutral
84eabfec-7be2-4fc3-b629-07386b850276,b0220702-1b8e-484b-b575-bf78f906729e,2024-12-11 12:43:26,confusion,frustration
84eabfec-7be2-4fc3-b629-07386b850276,b0220702-1b8e-484b-b575-bf78f906729e,2024-12-11 12:43:59,engagement,neutral
84eabfec-7be2-4fc3-b629-07386b850276,74936db8-5d5a-40e8-b0ef-4f0b92bf60c7,2024-12-11 12:49:07,confusion,engagement
84eabfec-7be2-4fc3-b629-07386b850276,74936db8-5d5a-40e8-b0ef-4f0b92bf60c7,2024-12-11 12:49:42,confusion,engagement
84eabfec-7be2-4fc3-b629-07386b850276,74936db8-5d5a-40e8-b0ef-4f0b92bf60c7,2024-12-11 12:50:18,engagement,
84eabfec-7be2-4fc3-b629-07386b850276,74936db8-5d5a-40e8-b0ef-4f0b92bf60c7,2024-12-11 12:50:52,confusion,engagement
84eabfec-7be2-4fc3-b629-07386b850276,74936db8-5d5a-40e8-b0ef-4f0b92bf60c7,2024-12-11 12:51:29,confusion,engagement
84eabfec-7be2-4fc3-b629-07386b850276,74936db8-5d5a-40e8-b0ef-4f0b92bf60c7,2024-12-11 12:52:04,engagement,
84eabfec-7be2-4fc3-b629-07386b850276,74936db8-5d5a-40e8-b0ef-4f0b92bf60c7,2024-12-11 12:52:37,confusion,engagement
84eabfec-7be2-4fc3-b629-07386b850276,74936db8-5d5a-40e8-b0ef-4f0b92bf60c7,2024-12-11 12:53:14,confusion,engagement
84eabfec-7be2-4fc3-b629-07386b850276,74936db8-5d5a-40e8-b0ef-4f0b92bf60c7,2024-12-11 12:53:49,confusion,engagement
84eabfec-7be2-4fc3-b629-07386b850276,74936db8-5d5a-40e8-b0ef-4f0b92bf60c7,2024-12-11 12:54:22,confusion,engagement
84eabfec-7be2-4fc3-b629-07386b850276,74936db8-5d5a-40e8-b0ef-4f0b92bf60c7,2024-12-11 12:54:59,engagement,
84eabfec-7be2-4fc3-b629-07386b850276,74936db8-5d5a-40e8-b0ef-4f0b92bf60c7,2024-12-11 12:55:32,engagement,
84eabfec-7be2-4fc3-b629-07386b850276,74936db8-5d5a-40e8-b0ef-4f0b92bf60c7,2024-12-11 12:56:04,engagement,
84eabfec-7be2-4fc3-b629-07386b850276,74936db8-5d5a-40e8-b0ef-4f0b92bf60c7,2024-12-11 12:56:38,confusion,engagement
84eabfec-7be2-4fc3-b629-07386b850276,74936db8-5d5a-40e8-b0ef-4f0b92bf60c7,2024-12-11 12:57:10,engagement,
84eabfec-7be2-4fc3-b629-07386b850276,00767a77-8e76-4a31-8a62-581c864fd5bc,2024-12-11 13:42:24,confusion,
84eabfec-7be2-4fc3-b629-07386b850276,00767a77-8e76-4a31-8a62-581c864fd5bc,2024-12-11 13:43:00,confusion,engagement
84eabfec-7be2-4fc3-b629-07386b850276,00767a77-8e76-4a31-8a62-581c864fd5bc,2024-12-11 13:43:35,engagement,frustration
84eabfec-7be2-4fc3-b629-07386b850276,00767a77-8e76-4a31-8a62-581c864fd5bc,2024-12-11 13:44:09,frustration,neutral
84eabfec-7be2-4fc3-b629-07386b850276,00767a77-8e76-4a31-8a62-581c864fd5bc,2024-12-11 13:44:44,engagement,frustration
84eabfec-7be2-4fc3-b629-07386b850276,00767a77-8e76-4a31-8a62-581c864fd5bc,2024-12-11 13:45:18,engagement,
84eabfec-7be2-4fc3-b629-07386b850276,00767a77-8e76-4a31-8a62-581c864fd5bc,2024-12-11 13:45:52,confusion,engagement
84eabfec-7be2-4fc3-b629-07386b850276,00767a77-8e76-4a31-8a62-581c864fd5bc,2024-12-11 13:46:34,boredom,confusion
84eabfec-7be2-4fc3-b629-07386b850276,00767a77-8e76-4a31-8a62-581c864fd5bc,2024-12-11 13:47:07,confusion,engagement
84eabfec-7be2-4fc3-b629-07386b850276,00767a77-8e76-4a31-8a62-581c864fd5bc,2024-12-11 13:47:41,engagement,
84eabfec-7be2-4fc3-b629-07386b850276,55e5043c-5af0-419f-abdd-77103c1b6759,2024-12-12 11:41:31,confusion,engagement
84eabfec-7be2-4fc3-b629-07386b850276,55e5043c-5af0-419f-abdd-77103c1b6759,2024-12-12 11:42:08,confusion,
84eabfec-7be2-4fc3-b629-07386b850276,55e5043c-5af0-419f-abdd-77103c1b6759,2024-12-12 11:42:42,confusion,
84eabfec-7be2-4fc3-b629-07386b850276,55e5043c-5af0-419f-abdd-77103c1b6759,2024-12-12 11:43:15,confusion,
84eabfec-7be2-4fc3-b629-07386b850276,55e5043c-5af0-419f-abdd-77103c1b6759,2024-12-12 11:43:48,confusion,
84eabfec-7be2-4fc3-b629-07386b850276,55e5043c-5af0-419f-abdd-77103c1b6759,2024-12-12 11:44:23,confusion,
84eabfec-7be2-4fc3-b629-07386b850276,55e5043c-5af0-419f-abdd-77103c1b6759,2024-12-12 11:44:55,confusion,
84eabfec-7be2-4fc3-b629-07386b850276,55e5043c-5af0-419f-abdd-77103c1b6759,2024-12-12 11:45:27,confusion,
84eabfec-7be2-4fc3-b629-07386b850276,55e5043c-5af0-419f-abdd-77103c1b6759,2024-12-12 11:45:59,confusion,
84eabfec-7be2-4fc3-b629-07386b850276,55e5043c-5af0-419f-abdd-77103c1b6759,2024-12-12 11:46:33,confusion,
84eabfec-7be2-4fc3-b629-07386b850276,55e5043c-5af0-419f-abdd-77103c1b6759,2024-12-12 11:47:05,confusion,
84eabfec-7be2-4fc3-b629-07386b850276,55e5043c-5af0-419f-abdd-77103c1b6759,2024-12-12 11:47:40,confusion,
84eabfec-7be2-4fc3-b629-07386b850276,55e5043c-5af0-419f-abdd-77103c1b6759,2024-12-12 11:48:14,confusion,
84eabfec-7be2-4fc3-b629-07386b850276,55e5043c-5af0-419f-abdd-77103c1b6759,2024-12-12 11:48:46,confusion,
84eabfec-7be2-4fc3-b629-07386b850276,55e5043c-5af0-419f-abdd-77103c1b6759,2024-12-12 11:49:20,confusion,
84eabfec-7be2-4fc3-b629-07386b850276,55e5043c-5af0-419f-abdd-77103c1b6759,2024-12-12 11:49:52,confusion,
84eabfec-7be2-4fc3-b629-07386b850276,55e5043c-5af0-419f-abdd-77103c1b6759,2024-12-12 11:50:25,confusion,
84eabfec-7be2-4fc3-b629-07386b850276,55e5043c-5af0-419f-abdd-77103c1b6759,2024-12-12 11:50:57,confusion,
84eabfec-7be2-4fc3-b629-07386b850276,55e5043c-5af0-419f-abdd-77103c1b6759,2024-12-12 11:51:29,confusion,
84eabfec-7be2-4fc3-b629-07386b850276,55e5043c-5af0-419f-abdd-77103c1b6759,2024-12-12 11:52:02,confusion,
84eabfec-7be2-4fc3-b629-07386b850276,55e5043c-5af0-419f-abdd-77103c1b6759,2024-12-12 11:52:36,confusion,frustration
84eabfec-7be2-4fc3-b629-07386b850276,55e5043c-5af0-419f-abdd-77103c1b6759,2024-12-12 11:53:10,boredom,confusion
84eabfec-7be2-4fc3-b629-07386b850276,55e5043c-5af0-419f-abdd-77103c1b6759,2024-12-12 11:53:42,confusion,
84eabfec-7be2-4fc3-b629-07386b850276,55e5043c-5af0-419f-abdd-77103c1b6759,2024-12-12 11:54:17,confusion,frustration
84eabfec-7be2-4fc3-b629-07386b850276,55e5043c-5af0-419f-abdd-77103c1b6759,2024-12-12 11:54:51,engagement,frustration
84eabfec-7be2-4fc3-b629-07386b850276,55e5043c-5af0-419f-abdd-77103c1b6759,2024-12-12 11:55:23,engagement,
84eabfec-7be2-4fc3-b629-07386b850276,55e5043c-5af0-419f-abdd-77103c1b6759,2024-12-12 11:55:55,confusion,
84eabfec-7be2-4fc3-b629-07386b850276,55e5043c-5af0-419f-abdd-77103c1b6759,2024-12-12 11:56:30,confusion,
84eabfec-7be2-4fc3-b629-07386b850276,361a4d9d-dd46-46f4-8379-92227c83fe28,2024-12-12 12:00:20,confusion,engagement
84eabfec-7be2-4fc3-b629-07386b850276,361a4d9d-dd46-46f4-8379-92227c83fe28,2024-12-12 12:00:54,engagement,
84eabfec-7be2-4fc3-b629-07386b850276,361a4d9d-dd46-46f4-8379-92227c83fe28,2024-12-12 12:01:29,confusion,
84eabfec-7be2-4fc3-b629-07386b850276,361a4d9d-dd46-46f4-8379-92227c83fe28,2024-12-12 12:02:02,confusion,
84eabfec-7be2-4fc3-b629-07386b850276,361a4d9d-dd46-46f4-8379-92227c83fe28,2024-12-12 12:02:36,frustration,
84eabfec-7be2-4fc3-b629-07386b850276,361a4d9d-dd46-46f4-8379-92227c83fe28,2024-12-12 12:03:16,engagement,
84eabfec-7be2-4fc3-b629-07386b850276,361a4d9d-dd46-46f4-8379-92227c83fe28,2024-12-12 12:03:49,confusion,
84eabfec-7be2-4fc3-b629-07386b850276,361a4d9d-dd46-46f4-8379-92227c83fe28,2024-12-12 12:04:23,engagement,
84eabfec-7be2-4fc3-b629-07386b850276,361a4d9d-dd46-46f4-8379-92227c83fe28,2024-12-12 12:04:57,confusion,engagement
84eabfec-7be2-4fc3-b629-07386b850276,0d2b73b3-e5b0-4d79-b862-1a6197342c6f,2024-12-12 12:21:12,engagement,neutral
84eabfec-7be2-4fc3-b629-07386b850276,0d2b73b3-e5b0-4d79-b862-1a6197342c6f,2024-12-12 12:21:45,engagement,neutral
84eabfec-7be2-4fc3-b629-07386b850276,0d2b73b3-e5b0-4d79-b862-1a6197342c6f,2024-12-12 12:22:20,confusion,engagement
84eabfec-7be2-4fc3-b629-07386b850276,0d2b73b3-e5b0-4d79-b862-1a6197342c6f,2024-12-12 12:22:57,engagement,frustration
84eabfec-7be2-4fc3-b629-07386b850276,0d2b73b3-e5b0-4d79-b862-1a6197342c6f,2024-12-12 12:23:30,confusion,engagement
84eabfec-7be2-4fc3-b629-07386b850276,0d2b73b3-e5b0-4d79-b862-1a6197342c6f,2024-12-12 12:24:04,confusion,
84eabfec-7be2-4fc3-b629-07386b850276,0d2b73b3-e5b0-4d79-b862-1a6197342c6f,2024-12-12 12:24:38,confusion,engagement
84eabfec-7be2-4fc3-b629-07386b850276,0d2b73b3-e5b0-4d79-b862-1a6197342c6f,2024-12-12 12:25:12,confusion,engagement
84eabfec-7be2-4fc3-b629-07386b850276,0d2b73b3-e5b0-4d79-b862-1a6197342c6f,2024-12-12 12:25:46,confusion,engagement
84eabfec-7be2-4fc3-b629-07386b850276,0d2b73b3-e5b0-4d79-b862-1a6197342c6f,2024-12-12 12:26:30,engagement,frustration
84eabfec-7be2-4fc3-b629-07386b850276,0d2b73b3-e5b0-4d79-b862-1a6197342c6f,2024-12-12 12:27:03,engagement,frustration
84eabfec-7be2-4fc3-b629-07386b850276,0d2b73b3-e5b0-4d79-b862-1a6197342c6f,2024-12-12 12:27:36,engagement,frustration
84eabfec-7be2-4fc3-b629-07386b850276,0d2b73b3-e5b0-4d79-b862-1a6197342c6f,2024-12-12 12:28:12,confusion,frustration
84eabfec-7be2-4fc3-b629-07386b850276,0d2b73b3-e5b0-4d79-b862-1a6197342c6f,2024-12-12 12:28:44,confusion,frustration
84eabfec-7be2-4fc3-b629-07386b850276,0d2b73b3-e5b0-4d79-b862-1a6197342c6f,2024-12-12 12:29:16,confusion,frustration
84eabfec-7be2-4fc3-b629-07386b850276,0d2b73b3-e5b0-4d79-b862-1a6197342c6f,2024-12-12 12:29:51,confusion,frustration
84eabfec-7be2-4fc3-b629-07386b850276,0d2b73b3-e5b0-4d79-b862-1a6197342c6f,2024-12-12 12:30:24,confusion,frustration
84eabfec-7be2-4fc3-b629-07386b850276,0d2b73b3-e5b0-4d79-b862-1a6197342c6f,2024-12-12 12:30:57,engagement,frustration
84eabfec-7be2-4fc3-b629-07386b850276,0d2b73b3-e5b0-4d79-b862-1a6197342c6f,2024-12-12 12:31:32,frustration,
84eabfec-7be2-4fc3-b629-07386b850276,6537075b-11d1-4eaa-af4c-cf182be7c037,2024-12-12 12:35:25,confusion,
84eabfec-7be2-4fc3-b629-07386b850276,6537075b-11d1-4eaa-af4c-cf182be7c037,2024-12-12 12:35:58,neutral,
84eabfec-7be2-4fc3-b629-07386b850276,6537075b-11d1-4eaa-af4c-cf182be7c037,2024-12-12 12:36:35,confusion,
84eabfec-7be2-4fc3-b629-07386b850276,6537075b-11d1-4eaa-af4c-cf182be7c037,2024-12-12 12:37:08,neutral,
84eabfec-7be2-4fc3-b629-07386b850276,6537075b-11d1-4eaa-af4c-cf182be7c037,2024-12-12 12:37:41,confusion,
84eabfec-7be2-4fc3-b629-07386b850276,6537075b-11d1-4eaa-af4c-cf182be7c037,2024-12-12 12:38:15,confusion,
84eabfec-7be2-4fc3-b629-07386b850276,6537075b-11d1-4eaa-af4c-cf182be7c037,2024-12-12 12:38:48,confusion,neutral
84eabfec-7be2-4fc3-b629-07386b850276,6537075b-11d1-4eaa-af4c-cf182be7c037,2024-12-12 12:39:21,neutral,
84eabfec-7be2-4fc3-b629-07386b850276,6537075b-11d1-4eaa-af4c-cf182be7c037,2024-12-12 12:39:52,neutral,
84eabfec-7be2-4fc3-b629-07386b850276,6537075b-11d1-4eaa-af4c-cf182be7c037,2024-12-12 12:40:25,neutral,
84eabfec-7be2-4fc3-b629-07386b850276,6537075b-11d1-4eaa-af4c-cf182be7c037,2024-12-12 12:40:58,neutral,
84eabfec-7be2-4fc3-b629-07386b850276,6537075b-11d1-4eaa-af4c-cf182be7c037,2024-12-12 12:41:30,neutral,
84eabfec-7be2-4fc3-b629-07386b850276,6537075b-11d1-4eaa-af4c-cf182be7c037,2024-12-12 12:42:04,confusion,
84eabfec-7be2-4fc3-b629-07386b850276,6537075b-11d1-4eaa-af4c-cf182be7c037,2024-12-12 12:42:38,confusion,
84eabfec-7be2-4fc3-b629-07386b850276,6537075b-11d1-4eaa-af4c-cf182be7c037,2024-12-12 12:43:10,confusion,
84eabfec-7be2-4fc3-b629-07386b850276,6537075b-11d1-4eaa-af4c-cf182be7c037,2024-12-12 12:43:45,confusion,
84eabfec-7be2-4fc3-b629-07386b850276,6537075b-11d1-4eaa-af4c-cf182be7c037,2024-12-12 12:44:20,engagement,
84eabfec-7be2-4fc3-b629-07386b850276,6537075b-11d1-4eaa-af4c-cf182be7c037,2024-12-12 12:44:52,engagement,
84eabfec-7be2-4fc3-b629-07386b850276,6537075b-11d1-4eaa-af4c-cf182be7c037,2024-12-12 12:45:25,neutral,
84eabfec-7be2-4fc3-b629-07386b850276,6537075b-11d1-4eaa-af4c-cf182be7c037,2024-12-12 12:45:57,engagement,
84eabfec-7be2-4fc3-b629-07386b850276,c822210f-5ddb-4986-a430-d7becf1c0d1f,2024-12-12 12:51:12,confusion,
84eabfec-7be2-4fc3-b629-07386b850276,c822210f-5ddb-4986-a430-d7becf1c0d1f,2024-12-12 12:51:46,neutral,
84eabfec-7be2-4fc3-b629-07386b850276,c822210f-5ddb-4986-a430-d7becf1c0d1f,2024-12-12 12:52:21,confusion,
84eabfec-7be2-4fc3-b629-07386b850276,c822210f-5ddb-4986-a430-d7becf1c0d1f,2024-12-12 12:52:58,engagement,
84eabfec-7be2-4fc3-b629-07386b850276,c822210f-5ddb-4986-a430-d7becf1c0d1f,2024-12-12 12:53:31,confusion,
84eabfec-7be2-4fc3-b629-07386b850276,c822210f-5ddb-4986-a430-d7becf1c0d1f,2024-12-12 12:54:08,confusion,
84eabfec-7be2-4fc3-b629-07386b850276,c822210f-5ddb-4986-a430-d7becf1c0d1f,2024-12-12 12:54:40,engagement,
84eabfec-7be2-4fc3-b629-07386b850276,c822210f-5ddb-4986-a430-d7becf1c0d1f,2024-12-12 12:55:14,engagement,
84eabfec-7be2-4fc3-b629-07386b850276,c822210f-5ddb-4986-a430-d7becf1c0d1f,2024-12-12 12:55:47,confusion,
84eabfec-7be2-4fc3-b629-07386b850276,c822210f-5ddb-4986-a430-d7becf1c0d1f,2024-12-12 12:56:25,boredom,
84eabfec-7be2-4fc3-b629-07386b850276,c822210f-5ddb-4986-a430-d7becf1c0d1f,2024-12-12 12:57:02,engagement,
84eabfec-7be2-4fc3-b629-07386b850276,c822210f-5ddb-4986-a430-d7becf1c0d1f,2024-12-12 12:57:39,engagement,
84eabfec-7be2-4fc3-b629-07386b850276,c822210f-5ddb-4986-a430-d7becf1c0d1f,2024-12-12 12:58:21,confusion,frustration
84eabfec-7be2-4fc3-b629-07386b850276,c822210f-5ddb-4986-a430-d7becf1c0d1f,2024-12-12 12:58:57,confusion,frustration
84eabfec-7be2-4fc3-b629-07386b850276,c822210f-5ddb-4986-a430-d7becf1c0d1f,2024-12-12 12:59:33,confusion,engagement
84eabfec-7be2-4fc3-b629-07386b850276,c822210f-5ddb-4986-a430-d7becf1c0d1f,2024-12-12 13:00:09,engagement,neutral
84eabfec-7be2-4fc3-b629-07386b850276,c822210f-5ddb-4986-a430-d7becf1c0d1f,2024-12-12 13:00:47,confusion,frustration
84eabfec-7be2-4fc3-b629-07386b850276,c822210f-5ddb-4986-a430-d7becf1c0d1f,2024-12-12 13:01:25,engagement,
84eabfec-7be2-4fc3-b629-07386b850276,c822210f-5ddb-4986-a430-d7becf1c0d1f,2024-12-12 13:01:59,confusion,engagement
84eabfec-7be2-4fc3-b629-07386b850276,c822210f-5ddb-4986-a430-d7becf1c0d1f,2024-12-12 13:02:33,confusion,
84eabfec-7be2-4fc3-b629-07386b850276,c822210f-5ddb-4986-a430-d7becf1c0d1f,2024-12-12 13:03:06,engagement,
84eabfec-7be2-4fc3-b629-07386b850276,c822210f-5ddb-4986-a430-d7becf1c0d1f,2024-12-12 13:03:43,engagement,
84eabfec-7be2-4fc3-b629-07386b850276,c822210f-5ddb-4986-a430-d7becf1c0d1f,2024-12-12 13:04:22,confusion,engagement
84eabfec-7be2-4fc3-b629-07386b850276,c822210f-5ddb-4986-a430-d7becf1c0d1f,2024-12-12 13:05:01,confusion,engagement
84eabfec-7be2-4fc3-b629-07386b850276,c822210f-5ddb-4986-a430-d7becf1c0d1f,2024-12-12 13:05:34,engagement,
84eabfec-7be2-4fc3-b629-07386b850276,c822210f-5ddb-4986-a430-d7becf1c0d1f,2024-12-12 13:06:08,confusion,frustration
84eabfec-7be2-4fc3-b629-07386b850276,c822210f-5ddb-4986-a430-d7becf1c0d1f,2024-12-12 13:06:43,engagement,frustration
84eabfec-7be2-4fc3-b629-07386b850276,c822210f-5ddb-4986-a430-d7becf1c0d1f,2024-12-12 13:07:23,boredom,
84eabfec-7be2-4fc3-b629-07386b850276,c822210f-5ddb-4986-a430-d7becf1c0d1f,2024-12-12 13:07:57,frustration,
84eabfec-7be2-4fc3-b629-07386b850276,c822210f-5ddb-4986-a430-d7becf1c0d1f,2024-12-12 13:08:32,boredom,
84eabfec-7be2-4fc3-b629-07386b850276,c822210f-5ddb-4986-a430-d7becf1c0d1f,2024-12-12 13:09:13,confusion,
84eabfec-7be2-4fc3-b629-07386b850276,c822210f-5ddb-4986-a430-d7becf1c0d1f,2024-12-12 13:09:52,boredom,
84eabfec-7be2-4fc3-b629-07386b850276,bc492af5-64cf-4de8-9307-cda65161ed6c,2024-12-13 09:52:57,confusion,
84eabfec-7be2-4fc3-b629-07386b850276,bc492af5-64cf-4de8-9307-cda65161ed6c,2024-12-13 09:53:30,confusion,
84eabfec-7be2-4fc3-b629-07386b850276,bc492af5-64cf-4de8-9307-cda65161ed6c,2024-12-13 09:54:04,engagement,
84eabfec-7be2-4fc3-b629-07386b850276,bc492af5-64cf-4de8-9307-cda65161ed6c,2024-12-13 09:54:37,confusion,
84eabfec-7be2-4fc3-b629-07386b850276,bc492af5-64cf-4de8-9307-cda65161ed6c,2024-12-13 09:55:10,confusion,
84eabfec-7be2-4fc3-b629-07386b850276,bc492af5-64cf-4de8-9307-cda65161ed6c,2024-12-13 09:55:42,confusion,
84eabfec-7be2-4fc3-b629-07386b850276,bc492af5-64cf-4de8-9307-cda65161ed6c,2024-12-13 09:56:15,confusion,
84eabfec-7be2-4fc3-b629-07386b850276,bc492af5-64cf-4de8-9307-cda65161ed6c,2024-12-13 09:56:47,confusion,
84eabfec-7be2-4fc3-b629-07386b850276,bc492af5-64cf-4de8-9307-cda65161ed6c,2024-12-13 09:57:19,confusion,
84eabfec-7be2-4fc3-b629-07386b850276,bc492af5-64cf-4de8-9307-cda65161ed6c,2024-12-13 09:57:51,confusion,
84eabfec-7be2-4fc3-b629-07386b850276,bc492af5-64cf-4de8-9307-cda65161ed6c,2024-12-13 09:58:23,confusion,
84eabfec-7be2-4fc3-b629-07386b850276,bc492af5-64cf-4de8-9307-cda65161ed6c,2024-12-13 09:59:03,confusion,
84eabfec-7be2-4fc3-b629-07386b850276,bc492af5-64cf-4de8-9307-cda65161ed6c,2024-12-13 09:59:37,engagement,
84eabfec-7be2-4fc3-b629-07386b850276,bc492af5-64cf-4de8-9307-cda65161ed6c,2024-12-13 10:00:11,neutral,
84eabfec-7be2-4fc3-b629-07386b850276,bc492af5-64cf-4de8-9307-cda65161ed6c,2024-12-13 10:00:46,frustration,
84eabfec-7be2-4fc3-b629-07386b850276,0a13c546-4673-49b7-ac9e-af1c6914e078,2024-12-13 10:30:50,neutral,
84eabfec-7be2-4fc3-b629-07386b850276,0a13c546-4673-49b7-ac9e-af1c6914e078,2024-12-13 10:31:24,confusion,
84eabfec-7be2-4fc3-b629-07386b850276,0a13c546-4673-49b7-ac9e-af1c6914e078,2024-12-13 10:31:56,confusion,
84eabfec-7be2-4fc3-b629-07386b850276,0a13c546-4673-49b7-ac9e-af1c6914e078,2024-12-13 10:32:28,confusion,
84eabfec-7be2-4fc3-b629-07386b850276,0a13c546-4673-49b7-ac9e-af1c6914e078,2024-12-13 10:33:01,confusion,
84eabfec-7be2-4fc3-b629-07386b850276,0a13c546-4673-49b7-ac9e-af1c6914e078,2024-12-13 10:33:33,confusion,
84eabfec-7be2-4fc3-b629-07386b850276,0a13c546-4673-49b7-ac9e-af1c6914e078,2024-12-13 10:34:13,confusion,
84eabfec-7be2-4fc3-b629-07386b850276,0a13c546-4673-49b7-ac9e-af1c6914e078,2024-12-13 10:34:45,confusion,
84eabfec-7be2-4fc3-b629-07386b850276,0a13c546-4673-49b7-ac9e-af1c6914e078,2024-12-13 10:35:17,confusion,
84eabfec-7be2-4fc3-b629-07386b850276,0a13c546-4673-49b7-ac9e-af1c6914e078,2024-12-13 10:35:49,confusion,
84eabfec-7be2-4fc3-b629-07386b850276,0a13c546-4673-49b7-ac9e-af1c6914e078,2024-12-13 10:36:24,confusion,
84eabfec-7be2-4fc3-b629-07386b850276,0a13c546-4673-49b7-ac9e-af1c6914e078,2024-12-13 10:36:56,confusion,
84eabfec-7be2-4fc3-b629-07386b850276,b2faf250-1015-43dd-9dfc-59376fbed448,2024-12-13 10:40:44,confusion,neutral
84eabfec-7be2-4fc3-b629-07386b850276,b2faf250-1015-43dd-9dfc-59376fbed448,2024-12-13 10:41:20,confusion,engagement
84eabfec-7be2-4fc3-b629-07386b850276,b2faf250-1015-43dd-9dfc-59376fbed448,2024-12-13 10:41:55,confusion,neutral
84eabfec-7be2-4fc3-b629-07386b850276,b2faf250-1015-43dd-9dfc-59376fbed448,2024-12-13 10:42:36,boredom,confusion
84eabfec-7be2-4fc3-b629-07386b850276,b2faf250-1015-43dd-9dfc-59376fbed448,2024-12-13 10:43:10,confusion,frustration
84eabfec-7be2-4fc3-b629-07386b850276,b2faf250-1015-43dd-9dfc-59376fbed448,2024-12-13 10:43:46,confusion,engagement
84eabfec-7be2-4fc3-b629-07386b850276,b2faf250-1015-43dd-9dfc-59376fbed448,2024-12-13 10:44:24,confusion,engagement
84eabfec-7be2-4fc3-b629-07386b850276,b2faf250-1015-43dd-9dfc-59376fbed448,2024-12-13 10:44:59,engagement,frustration
84eabfec-7be2-4fc3-b629-07386b850276,b2faf250-1015-43dd-9dfc-59376fbed448,2024-12-13 10:45:33,engagement,frustration
84eabfec-7be2-4fc3-b629-07386b850276,b2faf250-1015-43dd-9dfc-59376fbed448,2024-12-13 10:46:08,confusion,frustration
84eabfec-7be2-4fc3-b629-07386b850276,f0d5033c-22e2-47be-808e-3df799bfceec,2024-12-13 10:49:57,confusion,neutral
84eabfec-7be2-4fc3-b629-07386b850276,f0d5033c-22e2-47be-808e-3df799bfceec,2024-12-13 10:50:30,neutral,
84eabfec-7be2-4fc3-b629-07386b850276,f0d5033c-22e2-47be-808e-3df799bfceec,2024-12-13 10:51:05,neutral,
84eabfec-7be2-4fc3-b629-07386b850276,f0d5033c-22e2-47be-808e-3df799bfceec,2024-12-13 10:51:38,confusion,neutral
84eabfec-7be2-4fc3-b629-07386b850276,f0d5033c-22e2-47be-808e-3df799bfceec,2024-12-13 10:52:17,confusion,neutral
84eabfec-7be2-4fc3-b629-07386b850276,f0d5033c-22e2-47be-808e-3df799bfceec,2024-12-13 10:52:51,confusion,neutral
84eabfec-7be2-4fc3-b629-07386b850276,f0d5033c-22e2-47be-808e-3df799bfceec,2024-12-13 10:53:25,confusion,neutral
84eabfec-7be2-4fc3-b629-07386b850276,f0d5033c-22e2-47be-808e-3df799bfceec,2024-12-13 10:54:00,engagement,neutral
84eabfec-7be2-4fc3-b629-07386b850276,f0d5033c-22e2-47be-808e-3df799bfceec,2024-12-13 10:54:36,neutral,
84eabfec-7be2-4fc3-b629-07386b850276,f0d5033c-22e2-47be-808e-3df799bfceec,2024-12-13 10:55:11,engagement,neutral
84eabfec-7be2-4fc3-b629-07386b850276,f0d5033c-22e2-47be-808e-3df799bfceec,2024-12-13 10:55:53,engagement,neutral
84eabfec-7be2-4fc3-b629-07386b850276,f0d5033c-22e2-47be-808e-3df799bfceec,2024-12-13 10:56:26,neutral,
84eabfec-7be2-4fc3-b629-07386b850276,f0d5033c-22e2-47be-808e-3df799bfceec,2024-12-13 10:57:00,engagement,
84eabfec-7be2-4fc3-b629-07386b850276,f0d5033c-22e2-47be-808e-3df799bfceec,2024-12-13 10:57:33,engagement,neutral
84eabfec-7be2-4fc3-b629-07386b850276,f0d5033c-22e2-47be-808e-3df799bfceec,2024-12-13 10:58:08,engagement,
84eabfec-7be2-4fc3-b629-07386b850276,f0d5033c-22e2-47be-808e-3df799bfceec,2024-12-13 10:58:40,engagement,
84eabfec-7be2-4fc3-b629-07386b850276,f0d5033c-22e2-47be-808e-3df799bfceec,2024-12-13 10:59:21,engagement,neutral
84eabfec-7be2-4fc3-b629-07386b850276,f0d5033c-22e2-47be-808e-3df799bfceec,2024-12-13 10:59:56,engagement,
84eabfec-7be2-4fc3-b629-07386b850276,f0d5033c-22e2-47be-808e-3df799bfceec,2024-12-13 11:00:29,engagement,
84eabfec-7be2-4fc3-b629-07386b850276,f0d5033c-22e2-47be-808e-3df799bfceec,2024-12-13 11:01:02,engagement,
84eabfec-7be2-4fc3-b629-07386b850276,f0d5033c-22e2-47be-808e-3df799bfceec,2024-12-13 11:01:36,engagement,
84eabfec-7be2-4fc3-b629-07386b850276,f0d5033c-22e2-47be-808e-3df799bfceec,2024-12-13 11:02:08,engagement,
84eabfec-7be2-4fc3-b629-07386b850276,f0d5033c-22e2-47be-808e-3df799bfceec,2024-12-13 11:02:40,engagement,
84eabfec-7be2-4fc3-b629-07386b850276,f0d5033c-22e2-47be-808e-3df799bfceec,2024-12-13 11:03:13,engagement,
84eabfec-7be2-4fc3-b629-07386b850276,f0d5033c-22e2-47be-808e-3df799bfceec,2024-12-13 11:03:49,engagement,
84eabfec-7be2-4fc3-b629-07386b850276,5491795c-1373-4c7b-8a8a-6b18473bf99d,2024-12-13 11:07:59,confusion,
84eabfec-7be2-4fc3-b629-07386b850276,5491795c-1373-4c7b-8a8a-6b18473bf99d,2024-12-13 11:08:32,confusion,
84eabfec-7be2-4fc3-b629-07386b850276,5491795c-1373-4c7b-8a8a-6b18473bf99d,2024-12-13 11:09:05,frustration,
84eabfec-7be2-4fc3-b629-07386b850276,5491795c-1373-4c7b-8a8a-6b18473bf99d,2024-12-13 11:09:41,confusion,
84eabfec-7be2-4fc3-b629-07386b850276,5491795c-1373-4c7b-8a8a-6b18473bf99d,2024-12-13 11:10:13,neutral,
84eabfec-7be2-4fc3-b629-07386b850276,5491795c-1373-4c7b-8a8a-6b18473bf99d,2024-12-13 11:10:55,boredom,
84eabfec-7be2-4fc3-b629-07386b850276,5491795c-1373-4c7b-8a8a-6b18473bf99d,2024-12-13 11:11:27,frustration,
84eabfec-7be2-4fc3-b629-07386b850276,5491795c-1373-4c7b-8a8a-6b18473bf99d,2024-12-13 11:12:00,frustration,neutral
84eabfec-7be2-4fc3-b629-07386b850276,5491795c-1373-4c7b-8a8a-6b18473bf99d,2024-12-13 11:12:33,confusion,
84eabfec-7be2-4fc3-b629-07386b850276,5491795c-1373-4c7b-8a8a-6b18473bf99d,2024-12-13 11:13:06,confusion,
84eabfec-7be2-4fc3-b629-07386b850276,5491795c-1373-4c7b-8a8a-6b18473bf99d,2024-12-13 11:13:41,confusion,engagement
84eabfec-7be2-4fc3-b629-07386b850276,5491795c-1373-4c7b-8a8a-6b18473bf99d,2024-12-13 11:14:13,neutral,
84eabfec-7be2-4fc3-b629-07386b850276,5491795c-1373-4c7b-8a8a-6b18473bf99d,2024-12-13 11:14:47,frustration,
84eabfec-7be2-4fc3-b629-07386b850276,5491795c-1373-4c7b-8a8a-6b18473bf99d,2024-12-13 11:15:20,confusion,
84eabfec-7be2-4fc3-b629-07386b850276,5491795c-1373-4c7b-8a8a-6b18473bf99d,2024-12-13 11:15:52,neutral,
84eabfec-7be2-4fc3-b629-07386b850276,5491795c-1373-4c7b-8a8a-6b18473bf99d,2024-12-13 11:16:26,engagement,
84eabfec-7be2-4fc3-b629-07386b850276,5491795c-1373-4c7b-8a8a-6b18473bf99d,2024-12-13 11:16:58,engagement,
84eabfec-7be2-4fc3-b629-07386b850276,5491795c-1373-4c7b-8a8a-6b18473bf99d,2024-12-13 11:17:31,confusion,engagement
84eabfec-7be2-4fc3-b629-07386b850276,5491795c-1373-4c7b-8a8a-6b18473bf99d,2024-12-13 11:18:04,neutral,
84eabfec-7be2-4fc3-b629-07386b850276,5491795c-1373-4c7b-8a8a-6b18473bf99d,2024-12-13 11:19:06,engagement,
84eabfec-7be2-4fc3-b629-07386b850276,5491795c-1373-4c7b-8a8a-6b18473bf99d,2024-12-13 11:19:38,engagement,
84eabfec-7be2-4fc3-b629-07386b850276,5491795c-1373-4c7b-8a8a-6b18473bf99d,2024-12-13 11:20:10,engagement,
84eabfec-7be2-4fc3-b629-07386b850276,c8ba1a87-3180-4204-bbd7-a8422376de57,2024-12-13 11:33:15,confusion,
84eabfec-7be2-4fc3-b629-07386b850276,c8ba1a87-3180-4204-bbd7-a8422376de57,2024-12-13 11:33:48,confusion,
84eabfec-7be2-4fc3-b629-07386b850276,c8ba1a87-3180-4204-bbd7-a8422376de57,2024-12-13 11:34:21,neutral,
84eabfec-7be2-4fc3-b629-07386b850276,c8ba1a87-3180-4204-bbd7-a8422376de57,2024-12-13 11:34:55,confusion,
84eabfec-7be2-4fc3-b629-07386b850276,c8ba1a87-3180-4204-bbd7-a8422376de57,2024-12-13 11:35:27,neutral,
84eabfec-7be2-4fc3-b629-07386b850276,c8ba1a87-3180-4204-bbd7-a8422376de57,2024-12-13 11:36:00,confusion,
84eabfec-7be2-4fc3-b629-07386b850276,c8ba1a87-3180-4204-bbd7-a8422376de57,2024-12-13 11:36:33,confusion,
84eabfec-7be2-4fc3-b629-07386b850276,c8ba1a87-3180-4204-bbd7-a8422376de57,2024-12-13 11:37:07,confusion,
84eabfec-7be2-4fc3-b629-07386b850276,c8ba1a87-3180-4204-bbd7-a8422376de57,2024-12-13 11:37:41,engagement,
84eabfec-7be2-4fc3-b629-07386b850276,c8ba1a87-3180-4204-bbd7-a8422376de57,2024-12-13 11:38:14,neutral,
84eabfec-7be2-4fc3-b629-07386b850276,c8ba1a87-3180-4204-bbd7-a8422376de57,2024-12-13 11:38:46,neutral,
84eabfec-7be2-4fc3-b629-07386b850276,c8ba1a87-3180-4204-bbd7-a8422376de57,2024-12-13 11:39:18,confusion,
84eabfec-7be2-4fc3-b629-07386b850276,c8ba1a87-3180-4204-bbd7-a8422376de57,2024-12-13 11:39:50,engagement,
84eabfec-7be2-4fc3-b629-07386b850276,c8ba1a87-3180-4204-bbd7-a8422376de57,2024-12-13 11:40:23,engagement,
84eabfec-7be2-4fc3-b629-07386b850276,c8ba1a87-3180-4204-bbd7-a8422376de57,2024-12-13 11:40:56,neutral,
84eabfec-7be2-4fc3-b629-07386b850276,c8ba1a87-3180-4204-bbd7-a8422376de57,2024-12-13 11:41:30,engagement,neutral
84eabfec-7be2-4fc3-b629-07386b850276,93cdc542-0c7a-497c-9f12-09f80775b1c4,2024-12-13 11:45:59,engagement,neutral
84eabfec-7be2-4fc3-b629-07386b850276,93cdc542-0c7a-497c-9f12-09f80775b1c4,2024-12-13 11:46:35,confusion,engagement
84eabfec-7be2-4fc3-b629-07386b850276,93cdc542-0c7a-497c-9f12-09f80775b1c4,2024-12-13 11:47:13,confusion,neutral
84eabfec-7be2-4fc3-b629-07386b850276,93cdc542-0c7a-497c-9f12-09f80775b1c4,2024-12-13 11:47:48,confusion,engagement
84eabfec-7be2-4fc3-b629-07386b850276,93cdc542-0c7a-497c-9f12-09f80775b1c4,2024-12-13 11:48:25,engagement,
84eabfec-7be2-4fc3-b629-07386b850276,93cdc542-0c7a-497c-9f12-09f80775b1c4,2024-12-13 11:48:57,engagement,
84eabfec-7be2-4fc3-b629-07386b850276,93cdc542-0c7a-497c-9f12-09f80775b1c4,2024-12-13 11:49:36,confusion,neutral
84eabfec-7be2-4fc3-b629-07386b850276,93cdc542-0c7a-497c-9f12-09f80775b1c4,2024-12-13 11:50:10,engagement,
84eabfec-7be2-4fc3-b629-07386b850276,93cdc542-0c7a-497c-9f12-09f80775b1c4,2024-12-13 11:50:42,engagement,
84eabfec-7be2-4fc3-b629-07386b850276,93cdc542-0c7a-497c-9f12-09f80775b1c4,2024-12-13 11:51:20,engagement,
84eabfec-7be2-4fc3-b629-07386b850276,93cdc542-0c7a-497c-9f12-09f80775b1c4,2024-12-13 11:51:55,confusion,engagement
84eabfec-7be2-4fc3-b629-07386b850276,93cdc542-0c7a-497c-9f12-09f80775b1c4,2024-12-13 11:52:29,neutral,
84eabfec-7be2-4fc3-b629-07386b850276,93cdc542-0c7a-497c-9f12-09f80775b1c4,2024-12-13 11:53:18,confusion,engagement
84eabfec-7be2-4fc3-b629-07386b850276,93cdc542-0c7a-497c-9f12-09f80775b1c4,2024-12-13 11:53:57,confusion,engagement
84eabfec-7be2-4fc3-b629-07386b850276,93cdc542-0c7a-497c-9f12-09f80775b1c4,2024-12-13 11:54:38,confusion,engagement
84eabfec-7be2-4fc3-b629-07386b850276,93cdc542-0c7a-497c-9f12-09f80775b1c4,2024-12-13 11:55:12,engagement,
84eabfec-7be2-4fc3-b629-07386b850276,93cdc542-0c7a-497c-9f12-09f80775b1c4,2024-12-13 11:55:45,engagement,
84eabfec-7be2-4fc3-b629-07386b850276,93cdc542-0c7a-497c-9f12-09f80775b1c4,2024-12-13 11:56:18,engagement,
84eabfec-7be2-4fc3-b629-07386b850276,ee5abd88-5347-4472-8bee-ef92b09fb7a5,2024-12-13 11:59:05,confusion,
84eabfec-7be2-4fc3-b629-07386b850276,ee5abd88-5347-4472-8bee-ef92b09fb7a5,2024-12-13 11:59:41,confusion,
84eabfec-7be2-4fc3-b629-07386b850276,ee5abd88-5347-4472-8bee-ef92b09fb7a5,2024-12-13 12:00:14,confusion,
84eabfec-7be2-4fc3-b629-07386b850276,ee5abd88-5347-4472-8bee-ef92b09fb7a5,2024-12-13 12:00:48,boredom,frustration
84eabfec-7be2-4fc3-b629-07386b850276,ee5abd88-5347-4472-8bee-ef92b09fb7a5,2024-12-13 12:01:27,boredom,confusion
84eabfec-7be2-4fc3-b629-07386b850276,ee5abd88-5347-4472-8bee-ef92b09fb7a5,2024-12-13 12:02:02,boredom,
84eabfec-7be2-4fc3-b629-07386b850276,ee5abd88-5347-4472-8bee-ef92b09fb7a5,2024-12-13 12:02:37,frustration,
84eabfec-7be2-4fc3-b629-07386b850276,ee5abd88-5347-4472-8bee-ef92b09fb7a5,2024-12-13 12:03:10,frustration,
84eabfec-7be2-4fc3-b629-07386b850276,ee5abd88-5347-4472-8bee-ef92b09fb7a5,2024-12-13 12:03:46,boredom,
84eabfec-7be2-4fc3-b629-07386b850276,ee5abd88-5347-4472-8bee-ef92b09fb7a5,2024-12-13 12:04:21,boredom,
84eabfec-7be2-4fc3-b629-07386b850276,ee5abd88-5347-4472-8bee-ef92b09fb7a5,2024-12-13 12:04:54,neutral,
84eabfec-7be2-4fc3-b629-07386b850276,ee5abd88-5347-4472-8bee-ef92b09fb7a5,2024-12-13 12:05:28,boredom,frustration
84eabfec-7be2-4fc3-b629-07386b850276,ee5abd88-5347-4472-8bee-ef92b09fb7a5,2024-12-13 12:06:04,confusion,
84eabfec-7be2-4fc3-b629-07386b850276,ee5abd88-5347-4472-8bee-ef92b09fb7a5,2024-12-13 12:06:43,boredom,confusion
84eabfec-7be2-4fc3-b629-07386b850276,ee5abd88-5347-4472-8bee-ef92b09fb7a5,2024-12-13 12:07:19,boredom,
84eabfec-7be2-4fc3-b629-07386b850276,6da3700b-70d7-4f53-9a08-c85cc4b3f5f9,2024-12-13 12:34:01,confusion,
84eabfec-7be2-4fc3-b629-07386b850276,6da3700b-70d7-4f53-9a08-c85cc4b3f5f9,2024-12-13 12:34:36,confusion,
84eabfec-7be2-4fc3-b629-07386b850276,6da3700b-70d7-4f53-9a08-c85cc4b3f5f9,2024-12-13 12:35:11,confusion,frustration
84eabfec-7be2-4fc3-b629-07386b850276,6da3700b-70d7-4f53-9a08-c85cc4b3f5f9,2024-12-13 12:35:43,confusion,
84eabfec-7be2-4fc3-b629-07386b850276,6da3700b-70d7-4f53-9a08-c85cc4b3f5f9,2024-12-13 12:36:16,confusion,
84eabfec-7be2-4fc3-b629-07386b850276,6da3700b-70d7-4f53-9a08-c85cc4b3f5f9,2024-12-13 12:36:50,confusion,
84eabfec-7be2-4fc3-b629-07386b850276,6da3700b-70d7-4f53-9a08-c85cc4b3f5f9,2024-12-13 12:37:24,confusion,
84eabfec-7be2-4fc3-b629-07386b850276,6da3700b-70d7-4f53-9a08-c85cc4b3f5f9,2024-12-13 12:37:58,confusion,frustration
84eabfec-7be2-4fc3-b629-07386b850276,6da3700b-70d7-4f53-9a08-c85cc4b3f5f9,2024-12-13 12:38:31,confusion,
84eabfec-7be2-4fc3-b629-07386b850276,6da3700b-70d7-4f53-9a08-c85cc4b3f5f9,2024-12-13 12:39:09,confusion,
84eabfec-7be2-4fc3-b629-07386b850276,6da3700b-70d7-4f53-9a08-c85cc4b3f5f9,2024-12-13 12:39:44,confusion,
84eabfec-7be2-4fc3-b629-07386b850276,6da3700b-70d7-4f53-9a08-c85cc4b3f5f9,2024-12-13 12:40:17,neutral,
84eabfec-7be2-4fc3-b629-07386b850276,6da3700b-70d7-4f53-9a08-c85cc4b3f5f9,2024-12-13 12:40:50,confusion,
84eabfec-7be2-4fc3-b629-07386b850276,6da3700b-70d7-4f53-9a08-c85cc4b3f5f9,2024-12-13 12:41:22,confusion,
84eabfec-7be2-4fc3-b629-07386b850276,6da3700b-70d7-4f53-9a08-c85cc4b3f5f9,2024-12-13 12:41:55,confusion,
84eabfec-7be2-4fc3-b629-07386b850276,6da3700b-70d7-4f53-9a08-c85cc4b3f5f9,2024-12-13 12:42:31,neutral,
84eabfec-7be2-4fc3-b629-07386b850276,6da3700b-70d7-4f53-9a08-c85cc4b3f5f9,2024-12-13 12:43:08,neutral,
84eabfec-7be2-4fc3-b629-07386b850276,6da3700b-70d7-4f53-9a08-c85cc4b3f5f9,2024-12-13 12:43:41,confusion,
84eabfec-7be2-4fc3-b629-07386b850276,6da3700b-70d7-4f53-9a08-c85cc4b3f5f9,2024-12-13 12:44:16,engagement,
84eabfec-7be2-4fc3-b629-07386b850276,bfce0f51-2412-4284-a8da-91e72fa26111,2024-12-13 12:49:35,neutral,
84eabfec-7be2-4fc3-b629-07386b850276,bfce0f51-2412-4284-a8da-91e72fa26111,2024-12-13 12:50:10,confusion,
84eabfec-7be2-4fc3-b629-07386b850276,bfce0f51-2412-4284-a8da-91e72fa26111,2024-12-13 12:50:44,engagement,
84eabfec-7be2-4fc3-b629-07386b850276,bfce0f51-2412-4284-a8da-91e72fa26111,2024-12-13 12:51:19,confusion,
84eabfec-7be2-4fc3-b629-07386b850276,bfce0f51-2412-4284-a8da-91e72fa26111,2024-12-13 12:52:05,engagement,
84eabfec-7be2-4fc3-b629-07386b850276,bfce0f51-2412-4284-a8da-91e72fa26111,2024-12-13 12:52:39,confusion,
84eabfec-7be2-4fc3-b629-07386b850276,bfce0f51-2412-4284-a8da-91e72fa26111,2024-12-13 12:53:14,confusion,
84eabfec-7be2-4fc3-b629-07386b850276,bfce0f51-2412-4284-a8da-91e72fa26111,2024-12-13 12:53:47,confusion,
84eabfec-7be2-4fc3-b629-07386b850276,bfce0f51-2412-4284-a8da-91e72fa26111,2024-12-13 12:54:22,engagement,
84eabfec-7be2-4fc3-b629-07386b850276,bfce0f51-2412-4284-a8da-91e72fa26111,2024-12-13 12:54:55,confusion,
84eabfec-7be2-4fc3-b629-07386b850276,bfce0f51-2412-4284-a8da-91e72fa26111,2024-12-13 12:55:28,engagement,
84eabfec-7be2-4fc3-b629-07386b850276,bfce0f51-2412-4284-a8da-91e72fa26111,2024-12-13 12:56:01,engagement,
84eabfec-7be2-4fc3-b629-07386b850276,bfce0f51-2412-4284-a8da-91e72fa26111,2024-12-13 12:56:35,engagement,
84eabfec-7be2-4fc3-b629-07386b850276,bfce0f51-2412-4284-a8da-91e72fa26111,2024-12-13 12:57:09,engagement,
84eabfec-7be2-4fc3-b629-07386b850276,6d0c8679-c65f-42b1-9f32-e9d7dcbeb11b,2024-12-13 13:00:29,engagement,neutral
84eabfec-7be2-4fc3-b629-07386b850276,6d0c8679-c65f-42b1-9f32-e9d7dcbeb11b,2024-12-13 13:01:05,confusion,neutral
84eabfec-7be2-4fc3-b629-07386b850276,6d0c8679-c65f-42b1-9f32-e9d7dcbeb11b,2024-12-13 13:01:40,confusion,frustration
84eabfec-7be2-4fc3-b629-07386b850276,6d0c8679-c65f-42b1-9f32-e9d7dcbeb11b,2024-12-13 13:02:15,confusion,engagement
84eabfec-7be2-4fc3-b629-07386b850276,6d0c8679-c65f-42b1-9f32-e9d7dcbeb11b,2024-12-13 13:02:49,confusion,neutral
84eabfec-7be2-4fc3-b629-07386b850276,6d0c8679-c65f-42b1-9f32-e9d7dcbeb11b,2024-12-13 13:03:23,engagement,frustration
84eabfec-7be2-4fc3-b629-07386b850276,6d0c8679-c65f-42b1-9f32-e9d7dcbeb11b,2024-12-13 13:03:57,confusion,engagement
84eabfec-7be2-4fc3-b629-07386b850276,6d0c8679-c65f-42b1-9f32-e9d7dcbeb11b,2024-12-13 13:04:34,engagement,
84eabfec-7be2-4fc3-b629-07386b850276,6d0c8679-c65f-42b1-9f32-e9d7dcbeb11b,2024-12-13 13:05:06,engagement,
84eabfec-7be2-4fc3-b629-07386b850276,6d0c8679-c65f-42b1-9f32-e9d7dcbeb11b,2024-12-13 13:05:39,engagement,
84eabfec-7be2-4fc3-b629-07386b850276,6d0c8679-c65f-42b1-9f32-e9d7dcbeb11b,2024-12-13 13:06:10,engagement,
84eabfec-7be2-4fc3-b629-07386b850276,6d0c8679-c65f-42b1-9f32-e9d7dcbeb11b,2024-12-13 13:06:43,engagement,
84eabfec-7be2-4fc3-b629-07386b850276,6d0c8679-c65f-42b1-9f32-e9d7dcbeb11b,2024-12-13 13:07:17,confusion,engagement
84eabfec-7be2-4fc3-b629-07386b850276,6d0c8679-c65f-42b1-9f32-e9d7dcbeb11b,2024-12-13 13:07:49,engagement,
84eabfec-7be2-4fc3-b629-07386b850276,6d0c8679-c65f-42b1-9f32-e9d7dcbeb11b,2024-12-13 13:08:21,engagement,
84eabfec-7be2-4fc3-b629-07386b850276,42d8499e-8d9b-4312-ac75-de241ac815dd,2024-12-13 13:11:58,confusion,frustration
84eabfec-7be2-4fc3-b629-07386b850276,42d8499e-8d9b-4312-ac75-de241ac815dd,2024-12-13 13:12:32,confusion,frustration
84eabfec-7be2-4fc3-b629-07386b850276,42d8499e-8d9b-4312-ac75-de241ac815dd,2024-12-13 13:13:06,confusion,frustration
84eabfec-7be2-4fc3-b629-07386b850276,42d8499e-8d9b-4312-ac75-de241ac815dd,2024-12-13 13:13:39,frustration,
84eabfec-7be2-4fc3-b629-07386b850276,42d8499e-8d9b-4312-ac75-de241ac815dd,2024-12-13 13:14:12,confusion,
84eabfec-7be2-4fc3-b629-07386b850276,42d8499e-8d9b-4312-ac75-de241ac815dd,2024-12-13 13:14:45,confusion,
84eabfec-7be2-4fc3-b629-07386b850276,42d8499e-8d9b-4312-ac75-de241ac815dd,2024-12-13 13:15:19,confusion,
84eabfec-7be2-4fc3-b629-07386b850276,42d8499e-8d9b-4312-ac75-de241ac815dd,2024-12-13 13:15:53,confusion,frustration
84eabfec-7be2-4fc3-b629-07386b850276,42d8499e-8d9b-4312-ac75-de241ac815dd,2024-12-13 13:16:26,confusion,
84eabfec-7be2-4fc3-b629-07386b850276,42d8499e-8d9b-4312-ac75-de241ac815dd,2024-12-13 13:16:59,confusion,engagement
84eabfec-7be2-4fc3-b629-07386b850276,42d8499e-8d9b-4312-ac75-de241ac815dd,2024-12-13 13:17:33,engagement,
84eabfec-7be2-4fc3-b629-07386b850276,42d8499e-8d9b-4312-ac75-de241ac815dd,2024-12-13 13:18:05,confusion,
84eabfec-7be2-4fc3-b629-07386b850276,42d8499e-8d9b-4312-ac75-de241ac815dd,2024-12-13 13:18:44,engagement,frustration
84eabfec-7be2-4fc3-b629-07386b850276,42d8499e-8d9b-4312-ac75-de241ac815dd,2024-12-13 13:19:19,neutral,
84eabfec-7be2-4fc3-b629-07386b850276,42d8499e-8d9b-4312-ac75-de241ac815dd,2024-12-13 13:19:51,confusion,
84eabfec-7be2-4fc3-b629-07386b850276,42d8499e-8d9b-4312-ac75-de241ac815dd,2024-12-13 13:20:24,confusion,
84eabfec-7be2-4fc3-b629-07386b850276,eb658702-aead-4a67-8a9a-df8e42fb24d6,2024-12-13 13:30:40,confusion,engagement
84eabfec-7be2-4fc3-b629-07386b850276,eb658702-aead-4a67-8a9a-df8e42fb24d6,2024-12-13 13:31:15,confusion,engagement
84eabfec-7be2-4fc3-b629-07386b850276,eb658702-aead-4a67-8a9a-df8e42fb24d6,2024-12-13 13:31:50,confusion,
84eabfec-7be2-4fc3-b629-07386b850276,eb658702-aead-4a67-8a9a-df8e42fb24d6,2024-12-13 13:32:26,confusion,engagement
84eabfec-7be2-4fc3-b629-07386b850276,eb658702-aead-4a67-8a9a-df8e42fb24d6,2024-12-13 13:32:58,confusion,
84eabfec-7be2-4fc3-b629-07386b850276,eb658702-aead-4a67-8a9a-df8e42fb24d6,2024-12-13 13:33:30,confusion,
84eabfec-7be2-4fc3-b629-07386b850276,eb658702-aead-4a67-8a9a-df8e42fb24d6,2024-12-13 13:34:03,neutral,
84eabfec-7be2-4fc3-b629-07386b850276,eb658702-aead-4a67-8a9a-df8e42fb24d6,2024-12-13 13:34:34,neutral,
84eabfec-7be2-4fc3-b629-07386b850276,eb658702-aead-4a67-8a9a-df8e42fb24d6,2024-12-13 13:35:06,confusion,
84eabfec-7be2-4fc3-b629-07386b850276,eb658702-aead-4a67-8a9a-df8e42fb24d6,2024-12-13 13:35:40,confusion,
84eabfec-7be2-4fc3-b629-07386b850276,eb658702-aead-4a67-8a9a-df8e42fb24d6,2024-12-13 13:36:12,neutral,
84eabfec-7be2-4fc3-b629-07386b850276,eb658702-aead-4a67-8a9a-df8e42fb24d6,2024-12-13 13:36:46,engagement,neutral
84eabfec-7be2-4fc3-b629-07386b850276,eb658702-aead-4a67-8a9a-df8e42fb24d6,2024-12-13 13:37:19,confusion,engagement
84eabfec-7be2-4fc3-b629-07386b850276,eb658702-aead-4a67-8a9a-df8e42fb24d6,2024-12-13 13:37:52,confusion,engagement
84eabfec-7be2-4fc3-b629-07386b850276,eb658702-aead-4a67-8a9a-df8e42fb24d6,2024-12-13 13:38:25,confusion,engagement
84eabfec-7be2-4fc3-b629-07386b850276,eb658702-aead-4a67-8a9a-df8e42fb24d6,2024-12-13 13:38:57,engagement,
84eabfec-7be2-4fc3-b629-07386b850276,eb658702-aead-4a67-8a9a-df8e42fb24d6,2024-12-13 13:39:30,confusion,engagement
84eabfec-7be2-4fc3-b629-07386b850276,eb658702-aead-4a67-8a9a-df8e42fb24d6,2024-12-13 13:40:02,engagement,
84eabfec-7be2-4fc3-b629-07386b850276,f60d88a8-2f46-4a50-878f-69d2fda7bf21,2024-12-13 13:46:38,confusion,engagement
84eabfec-7be2-4fc3-b629-07386b850276,f60d88a8-2f46-4a50-878f-69d2fda7bf21,2024-12-13 13:47:16,confusion,
84eabfec-7be2-4fc3-b629-07386b850276,f60d88a8-2f46-4a50-878f-69d2fda7bf21,2024-12-13 13:47:50,confusion,engagement
84eabfec-7be2-4fc3-b629-07386b850276,f60d88a8-2f46-4a50-878f-69d2fda7bf21,2024-12-13 13:48:23,confusion,engagement
84eabfec-7be2-4fc3-b629-07386b850276,f60d88a8-2f46-4a50-878f-69d2fda7bf21,2024-12-13 13:49:04,boredom,neutral
84eabfec-7be2-4fc3-b629-07386b850276,f60d88a8-2f46-4a50-878f-69d2fda7bf21,2024-12-13 13:49:38,engagement,frustration
84eabfec-7be2-4fc3-b629-07386b850276,f60d88a8-2f46-4a50-878f-69d2fda7bf21,2024-12-13 13:50:15,confusion,engagement
84eabfec-7be2-4fc3-b629-07386b850276,f60d88a8-2f46-4a50-878f-69d2fda7bf21,2024-12-13 13:50:52,engagement,frustration
84eabfec-7be2-4fc3-b629-07386b850276,f60d88a8-2f46-4a50-878f-69d2fda7bf21,2024-12-13 13:51:31,boredom,engagement
84eabfec-7be2-4fc3-b629-07386b850276,f60d88a8-2f46-4a50-878f-69d2fda7bf21,2024-12-13 13:52:04,engagement,
84eabfec-7be2-4fc3-b629-07386b850276,f60d88a8-2f46-4a50-878f-69d2fda7bf21,2024-12-13 13:52:37,confusion,engagement
84eabfec-7be2-4fc3-b629-07386b850276,f60d88a8-2f46-4a50-878f-69d2fda7bf21,2024-12-13 13:53:11,boredom,confusion
84eabfec-7be2-4fc3-b629-07386b850276,f60d88a8-2f46-4a50-878f-69d2fda7bf21,2024-12-13 13:53:44,engagement,
84eabfec-7be2-4fc3-b629-07386b850276,f60d88a8-2f46-4a50-878f-69d2fda7bf21,2024-12-13 13:54:18,engagement,
84eabfec-7be2-4fc3-b629-07386b850276,f60d88a8-2f46-4a50-878f-69d2fda7bf21,2024-12-13 13:54:50,engagement,
84eabfec-7be2-4fc3-b629-07386b850276,3de8cd92-6a26-48c6-9940-57712ef2d550,2024-12-13 14:01:16,neutral,
84eabfec-7be2-4fc3-b629-07386b850276,3de8cd92-6a26-48c6-9940-57712ef2d550,2024-12-13 14:01:48,confusion,
84eabfec-7be2-4fc3-b629-07386b850276,3de8cd92-6a26-48c6-9940-57712ef2d550,2024-12-13 14:02:22,confusion,
84eabfec-7be2-4fc3-b629-07386b850276,3de8cd92-6a26-48c6-9940-57712ef2d550,2024-12-13 14:02:57,confusion,
84eabfec-7be2-4fc3-b629-07386b850276,3de8cd92-6a26-48c6-9940-57712ef2d550,2024-12-13 14:03:31,confusion,frustration
84eabfec-7be2-4fc3-b629-07386b850276,3de8cd92-6a26-48c6-9940-57712ef2d550,2024-12-13 14:04:08,confusion,engagement
84eabfec-7be2-4fc3-b629-07386b850276,3de8cd92-6a26-48c6-9940-57712ef2d550,2024-12-13 14:04:47,confusion,neutral
84eabfec-7be2-4fc3-b629-07386b850276,3de8cd92-6a26-48c6-9940-57712ef2d550,2024-12-13 14:05:22,confusion,
84eabfec-7be2-4fc3-b629-07386b850276,3de8cd92-6a26-48c6-9940-57712ef2d550,2024-12-13 14:05:57,confusion,frustration
84eabfec-7be2-4fc3-b629-07386b850276,3de8cd92-6a26-48c6-9940-57712ef2d550,2024-12-13 14:06:30,confusion,
84eabfec-7be2-4fc3-b629-07386b850276,3de8cd92-6a26-48c6-9940-57712ef2d550,2024-12-13 14:07:05,neutral,
84eabfec-7be2-4fc3-b629-07386b850276,3de8cd92-6a26-48c6-9940-57712ef2d550,2024-12-13 14:07:37,confusion,
84eabfec-7be2-4fc3-b629-07386b850276,3de8cd92-6a26-48c6-9940-57712ef2d550,2024-12-13 14:08:12,neutral,
84eabfec-7be2-4fc3-b629-07386b850276,3de8cd92-6a26-48c6-9940-57712ef2d550,2024-12-13 14:08:46,confusion,
84eabfec-7be2-4fc3-b629-07386b850276,3de8cd92-6a26-48c6-9940-57712ef2d550,2024-12-13 14:09:25,neutral,
84eabfec-7be2-4fc3-b629-07386b850276,3de8cd92-6a26-48c6-9940-57712ef2d550,2024-12-13 14:10:02,boredom,
84eabfec-7be2-4fc3-b629-07386b850276,3de8cd92-6a26-48c6-9940-57712ef2d550,2024-12-13 14:10:38,confusion,
84eabfec-7be2-4fc3-b629-07386b850276,3de8cd92-6a26-48c6-9940-57712ef2d550,2024-12-13 14:11:10,neutral,
84eabfec-7be2-4fc3-b629-07386b850276,64df1c8a-1e5e-457b-a1f5-ad4a5ae59cd2,2024-12-16 11:28:44,engagement,neutral
84eabfec-7be2-4fc3-b629-07386b850276,64df1c8a-1e5e-457b-a1f5-ad4a5ae59cd2,2024-12-16 11:29:20,engagement,neutral
84eabfec-7be2-4fc3-b629-07386b850276,64df1c8a-1e5e-457b-a1f5-ad4a5ae59cd2,2024-12-16 11:29:53,engagement,neutral
84eabfec-7be2-4fc3-b629-07386b850276,64df1c8a-1e5e-457b-a1f5-ad4a5ae59cd2,2024-12-16 11:30:27,frustration,
84eabfec-7be2-4fc3-b629-07386b850276,64df1c8a-1e5e-457b-a1f5-ad4a5ae59cd2,2024-12-16 11:31:00,frustration,
84eabfec-7be2-4fc3-b629-07386b850276,64df1c8a-1e5e-457b-a1f5-ad4a5ae59cd2,2024-12-16 11:31:32,neutral,
84eabfec-7be2-4fc3-b629-07386b850276,64df1c8a-1e5e-457b-a1f5-ad4a5ae59cd2,2024-12-16 11:32:08,neutral,
84eabfec-7be2-4fc3-b629-07386b850276,64df1c8a-1e5e-457b-a1f5-ad4a5ae59cd2,2024-12-16 11:32:40,frustration,
84eabfec-7be2-4fc3-b629-07386b850276,64df1c8a-1e5e-457b-a1f5-ad4a5ae59cd2,2024-12-16 11:33:12,frustration,
84eabfec-7be2-4fc3-b629-07386b850276,64df1c8a-1e5e-457b-a1f5-ad4a5ae59cd2,2024-12-16 11:33:46,neutral,
84eabfec-7be2-4fc3-b629-07386b850276,64df1c8a-1e5e-457b-a1f5-ad4a5ae59cd2,2024-12-16 11:34:21,neutral,
84eabfec-7be2-4fc3-b629-07386b850276,64df1c8a-1e5e-457b-a1f5-ad4a5ae59cd2,2024-12-16 11:34:54,frustration,
84eabfec-7be2-4fc3-b629-07386b850276,64df1c8a-1e5e-457b-a1f5-ad4a5ae59cd2,2024-12-16 11:35:26,frustration,
84eabfec-7be2-4fc3-b629-07386b850276,64df1c8a-1e5e-457b-a1f5-ad4a5ae59cd2,2024-12-16 11:35:58,frustration,
84eabfec-7be2-4fc3-b629-07386b850276,64df1c8a-1e5e-457b-a1f5-ad4a5ae59cd2,2024-12-16 11:36:48,frustration,
84eabfec-7be2-4fc3-b629-07386b850276,64df1c8a-1e5e-457b-a1f5-ad4a5ae59cd2,2024-12-16 11:37:28,engagement,
84eabfec-7be2-4fc3-b629-07386b850276,64df1c8a-1e5e-457b-a1f5-ad4a5ae59cd2,2024-12-16 11:38:01,engagement,
84eabfec-7be2-4fc3-b629-07386b850276,7e3d9cf7-2e0f-4dae-917e-43d22dbdf775,2024-12-16 11:42:50,confusion,engagement
84eabfec-7be2-4fc3-b629-07386b850276,7e3d9cf7-2e0f-4dae-917e-43d22dbdf775,2024-12-16 11:43:27,confusion,
84eabfec-7be2-4fc3-b629-07386b850276,7e3d9cf7-2e0f-4dae-917e-43d22dbdf775,2024-12-16 11:44:05,engagement,
84eabfec-7be2-4fc3-b629-07386b850276,7e3d9cf7-2e0f-4dae-917e-43d22dbdf775,2024-12-16 11:44:41,engagement,
84eabfec-7be2-4fc3-b629-07386b850276,7e3d9cf7-2e0f-4dae-917e-43d22dbdf775,2024-12-16 11:45:14,engagement,
84eabfec-7be2-4fc3-b629-07386b850276,7e3d9cf7-2e0f-4dae-917e-43d22dbdf775,2024-12-16 11:45:47,engagement,
84eabfec-7be2-4fc3-b629-07386b850276,7e3d9cf7-2e0f-4dae-917e-43d22dbdf775,2024-12-16 11:46:22,engagement,
84eabfec-7be2-4fc3-b629-07386b850276,7e3d9cf7-2e0f-4dae-917e-43d22dbdf775,2024-12-16 11:46:54,engagement,
84eabfec-7be2-4fc3-b629-07386b850276,7e3d9cf7-2e0f-4dae-917e-43d22dbdf775,2024-12-16 11:47:30,confusion,engagement
84eabfec-7be2-4fc3-b629-07386b850276,7e3d9cf7-2e0f-4dae-917e-43d22dbdf775,2024-12-16 11:48:03,engagement,
84eabfec-7be2-4fc3-b629-07386b850276,7e3d9cf7-2e0f-4dae-917e-43d22dbdf775,2024-12-16 11:48:34,engagement,
84eabfec-7be2-4fc3-b629-07386b850276,7e3d9cf7-2e0f-4dae-917e-43d22dbdf775,2024-12-16 11:49:08,engagement,
84eabfec-7be2-4fc3-b629-07386b850276,7e3d9cf7-2e0f-4dae-917e-43d22dbdf775,2024-12-16 11:49:40,engagement,
84eabfec-7be2-4fc3-b629-07386b850276,7e3d9cf7-2e0f-4dae-917e-43d22dbdf775,2024-12-16 11:50:17,engagement,
84eabfec-7be2-4fc3-b629-07386b850276,7e3d9cf7-2e0f-4dae-917e-43d22dbdf775,2024-12-16 11:50:53,confusion,engagement
84eabfec-7be2-4fc3-b629-07386b850276,7e3d9cf7-2e0f-4dae-917e-43d22dbdf775,2024-12-16 11:51:26,engagement,
84eabfec-7be2-4fc3-b629-07386b850276,7e3d9cf7-2e0f-4dae-917e-43d22dbdf775,2024-12-16 11:51:58,engagement,
84eabfec-7be2-4fc3-b629-07386b850276,7e3d9cf7-2e0f-4dae-917e-43d22dbdf775,2024-12-16 11:52:30,engagement,
84eabfec-7be2-4fc3-b629-07386b850276,c9dcdb15-7aef-4d39-b76e-c14d189c9cc0,2024-12-16 11:56:56,confusion,neutral
84eabfec-7be2-4fc3-b629-07386b850276,c9dcdb15-7aef-4d39-b76e-c14d189c9cc0,2024-12-16 11:57:32,confusion,
84eabfec-7be2-4fc3-b629-07386b850276,c9dcdb15-7aef-4d39-b76e-c14d189c9cc0,2024-12-16 11:58:06,confusion,neutral
84eabfec-7be2-4fc3-b629-07386b850276,c9dcdb15-7aef-4d39-b76e-c14d189c9cc0,2024-12-16 11:58:41,confusion,frustration
84eabfec-7be2-4fc3-b629-07386b850276,c9dcdb15-7aef-4d39-b76e-c14d189c9cc0,2024-12-16 11:59:17,confusion,frustration
84eabfec-7be2-4fc3-b629-07386b850276,c9dcdb15-7aef-4d39-b76e-c14d189c9cc0,2024-12-16 11:59:52,confusion,frustration
84eabfec-7be2-4fc3-b629-07386b850276,c9dcdb15-7aef-4d39-b76e-c14d189c9cc0,2024-12-16 12:00:27,confusion,
84eabfec-7be2-4fc3-b629-07386b850276,c9dcdb15-7aef-4d39-b76e-c14d189c9cc0,2024-12-16 12:01:00,confusion,
84eabfec-7be2-4fc3-b629-07386b850276,c9dcdb15-7aef-4d39-b76e-c14d189c9cc0,2024-12-16 12:01:35,confusion,
84eabfec-7be2-4fc3-b629-07386b850276,c9dcdb15-7aef-4d39-b76e-c14d189c9cc0,2024-12-16 12:02:08,confusion,frustration
84eabfec-7be2-4fc3-b629-07386b850276,c9dcdb15-7aef-4d39-b76e-c14d189c9cc0,2024-12-16 12:02:41,confusion,
84eabfec-7be2-4fc3-b629-07386b850276,c9dcdb15-7aef-4d39-b76e-c14d189c9cc0,2024-12-16 12:03:15,confusion,frustration
84eabfec-7be2-4fc3-b629-07386b850276,c9dcdb15-7aef-4d39-b76e-c14d189c9cc0,2024-12-16 12:03:49,confusion,neutral
84eabfec-7be2-4fc3-b629-07386b850276,c9dcdb15-7aef-4d39-b76e-c14d189c9cc0,2024-12-16 12:04:22,confusion,frustration
84eabfec-7be2-4fc3-b629-07386b850276,c9dcdb15-7aef-4d39-b76e-c14d189c9cc0,2024-12-16 12:04:56,confusion,frustration
84eabfec-7be2-4fc3-b629-07386b850276,c9dcdb15-7aef-4d39-b76e-c14d189c9cc0,2024-12-16 12:05:30,confusion,frustration
84eabfec-7be2-4fc3-b629-07386b850276,c9dcdb15-7aef-4d39-b76e-c14d189c9cc0,2024-12-16 12:06:05,frustration,
84eabfec-7be2-4fc3-b629-07386b850276,b4566786-bf1b-4c05-85d7-d1c93c79bff9,2024-12-16 12:11:25,confusion,engagement
84eabfec-7be2-4fc3-b629-07386b850276,b4566786-bf1b-4c05-85d7-d1c93c79bff9,2024-12-16 12:12:01,engagement,
84eabfec-7be2-4fc3-b629-07386b850276,b4566786-bf1b-4c05-85d7-d1c93c79bff9,2024-12-16 12:12:35,confusion,
84eabfec-7be2-4fc3-b629-07386b850276,b4566786-bf1b-4c05-85d7-d1c93c79bff9,2024-12-16 12:13:09,confusion,engagement
84eabfec-7be2-4fc3-b629-07386b850276,b4566786-bf1b-4c05-85d7-d1c93c79bff9,2024-12-16 12:13:48,engagement,neutral
84eabfec-7be2-4fc3-b629-07386b850276,b4566786-bf1b-4c05-85d7-d1c93c79bff9,2024-12-16 12:14:22,engagement,
84eabfec-7be2-4fc3-b629-07386b850276,b4566786-bf1b-4c05-85d7-d1c93c79bff9,2024-12-16 12:14:54,engagement,
84eabfec-7be2-4fc3-b629-07386b850276,b4566786-bf1b-4c05-85d7-d1c93c79bff9,2024-12-16 12:15:26,engagement,
84eabfec-7be2-4fc3-b629-07386b850276,b4566786-bf1b-4c05-85d7-d1c93c79bff9,2024-12-16 12:15:58,engagement,
84eabfec-7be2-4fc3-b629-07386b850276,b4566786-bf1b-4c05-85d7-d1c93c79bff9,2024-12-16 12:16:35,engagement,
84eabfec-7be2-4fc3-b629-07386b850276,b4566786-bf1b-4c05-85d7-d1c93c79bff9,2024-12-16 12:17:06,engagement,
84eabfec-7be2-4fc3-b629-07386b850276,b4566786-bf1b-4c05-85d7-d1c93c79bff9,2024-12-16 12:17:38,engagement,
84eabfec-7be2-4fc3-b629-07386b850276,b4566786-bf1b-4c05-85d7-d1c93c79bff9,2024-12-16 12:18:13,engagement,
84eabfec-7be2-4fc3-b629-07386b850276,b4566786-bf1b-4c05-85d7-d1c93c79bff9,2024-12-16 12:18:45,engagement,
84eabfec-7be2-4fc3-b629-07386b850276,b4566786-bf1b-4c05-85d7-d1c93c79bff9,2024-12-16 12:19:16,engagement,
84eabfec-7be2-4fc3-b629-07386b850276,b4566786-bf1b-4c05-85d7-d1c93c79bff9,2024-12-16 12:19:48,engagement,
84eabfec-7be2-4fc3-b629-07386b850276,00149986-4e2d-4759-921d-7265ce0808e4,2024-12-16 12:25:29,confusion,
84eabfec-7be2-4fc3-b629-07386b850276,00149986-4e2d-4759-921d-7265ce0808e4,2024-12-16 12:26:03,frustration,
84eabfec-7be2-4fc3-b629-07386b850276,00149986-4e2d-4759-921d-7265ce0808e4,2024-12-16 12:26:39,confusion,engagement
84eabfec-7be2-4fc3-b629-07386b850276,00149986-4e2d-4759-921d-7265ce0808e4,2024-12-16 12:27:11,frustration,
84eabfec-7be2-4fc3-b629-07386b850276,00149986-4e2d-4759-921d-7265ce0808e4,2024-12-16 12:27:44,frustration,
84eabfec-7be2-4fc3-b629-07386b850276,00149986-4e2d-4759-921d-7265ce0808e4,2024-12-16 12:28:17,frustration,
84eabfec-7be2-4fc3-b629-07386b850276,00149986-4e2d-4759-921d-7265ce0808e4,2024-12-16 12:28:49,frustration,
84eabfec-7be2-4fc3-b629-07386b850276,00149986-4e2d-4759-921d-7265ce0808e4,2024-12-16 12:29:21,frustration,
84eabfec-7be2-4fc3-b629-07386b850276,00149986-4e2d-4759-921d-7265ce0808e4,2024-12-16 12:29:53,frustration,
84eabfec-7be2-4fc3-b629-07386b850276,00149986-4e2d-4759-921d-7265ce0808e4,2024-12-16 12:30:26,frustration,
84eabfec-7be2-4fc3-b629-07386b850276,00149986-4e2d-4759-921d-7265ce0808e4,2024-12-16 12:30:58,frustration,
84eabfec-7be2-4fc3-b629-07386b850276,00149986-4e2d-4759-921d-7265ce0808e4,2024-12-16 12:31:30,frustration,
84eabfec-7be2-4fc3-b629-07386b850276,00149986-4e2d-4759-921d-7265ce0808e4,2024-12-16 12:32:03,frustration,
84eabfec-7be2-4fc3-b629-07386b850276,00149986-4e2d-4759-921d-7265ce0808e4,2024-12-16 12:32:36,engagement,
84eabfec-7be2-4fc3-b629-07386b850276,00149986-4e2d-4759-921d-7265ce0808e4,2024-12-16 12:33:09,engagement,
84eabfec-7be2-4fc3-b629-07386b850276,00149986-4e2d-4759-921d-7265ce0808e4,2024-12-16 12:33:46,frustration,
84eabfec-7be2-4fc3-b629-07386b850276,00149986-4e2d-4759-921d-7265ce0808e4,2024-12-16 12:34:19,frustration,
84eabfec-7be2-4fc3-b629-07386b850276,00149986-4e2d-4759-921d-7265ce0808e4,2024-12-16 12:34:51,neutral,
84eabfec-7be2-4fc3-b629-07386b850276,0594d306-1edf-411b-92d0-73b9bab24dea,2024-12-16 13:14:38,confusion,neutral
84eabfec-7be2-4fc3-b629-07386b850276,0594d306-1edf-411b-92d0-73b9bab24dea,2024-12-16 13:15:13,confusion,neutral
84eabfec-7be2-4fc3-b629-07386b850276,0594d306-1edf-411b-92d0-73b9bab24dea,2024-12-16 13:15:48,confusion,
84eabfec-7be2-4fc3-b629-07386b850276,0594d306-1edf-411b-92d0-73b9bab24dea,2024-12-16 13:16:22,confusion,engagement
84eabfec-7be2-4fc3-b629-07386b850276,0594d306-1edf-411b-92d0-73b9bab24dea,2024-12-16 13:16:55,confusion,
84eabfec-7be2-4fc3-b629-07386b850276,0594d306-1edf-411b-92d0-73b9bab24dea,2024-12-16 13:17:33,confusion,engagement
84eabfec-7be2-4fc3-b629-07386b850276,0594d306-1edf-411b-92d0-73b9bab24dea,2024-12-16 13:18:05,confusion,
84eabfec-7be2-4fc3-b629-07386b850276,0594d306-1edf-411b-92d0-73b9bab24dea,2024-12-16 13:18:43,confusion,engagement
84eabfec-7be2-4fc3-b629-07386b850276,0594d306-1edf-411b-92d0-73b9bab24dea,2024-12-16 13:19:16,confusion,engagement
84eabfec-7be2-4fc3-b629-07386b850276,0594d306-1edf-411b-92d0-73b9bab24dea,2024-12-16 13:19:49,confusion,
84eabfec-7be2-4fc3-b629-07386b850276,0594d306-1edf-411b-92d0-73b9bab24dea,2024-12-16 13:20:21,confusion,
84eabfec-7be2-4fc3-b629-07386b850276,0594d306-1edf-411b-92d0-73b9bab24dea,2024-12-16 13:20:54,confusion,engagement
84eabfec-7be2-4fc3-b629-07386b850276,0594d306-1edf-411b-92d0-73b9bab24dea,2024-12-16 13:21:27,engagement,
84eabfec-7be2-4fc3-b629-07386b850276,0594d306-1edf-411b-92d0-73b9bab24dea,2024-12-16 13:21:59,confusion,engagement
84eabfec-7be2-4fc3-b629-07386b850276,0594d306-1edf-411b-92d0-73b9bab24dea,2024-12-16 13:22:32,confusion,engagement
84eabfec-7be2-4fc3-b629-07386b850276,0594d306-1edf-411b-92d0-73b9bab24dea,2024-12-16 13:23:05,confusion,engagement
84eabfec-7be2-4fc3-b629-07386b850276,0594d306-1edf-411b-92d0-73b9bab24dea,2024-12-16 13:23:38,confusion,engagement
84eabfec-7be2-4fc3-b629-07386b850276,9a70825c-046d-4c0b-a00c-c178e9f671ae,2024-12-16 13:28:19,confusion,neutral
84eabfec-7be2-4fc3-b629-07386b850276,9a70825c-046d-4c0b-a00c-c178e9f671ae,2024-12-16 13:29:00,confusion,frustration
84eabfec-7be2-4fc3-b629-07386b850276,9a70825c-046d-4c0b-a00c-c178e9f671ae,2024-12-16 13:29:34,confusion,neutral
84eabfec-7be2-4fc3-b629-07386b850276,9a70825c-046d-4c0b-a00c-c178e9f671ae,2024-12-16 13:30:08,confusion,neutral
84eabfec-7be2-4fc3-b629-07386b850276,9a70825c-046d-4c0b-a00c-c178e9f671ae,2024-12-16 13:30:43,confusion,
84eabfec-7be2-4fc3-b629-07386b850276,9a70825c-046d-4c0b-a00c-c178e9f671ae,2024-12-16 13:31:17,confusion,frustration
84eabfec-7be2-4fc3-b629-07386b850276,9a70825c-046d-4c0b-a00c-c178e9f671ae,2024-12-16 13:31:50,confusion,frustration
84eabfec-7be2-4fc3-b629-07386b850276,9a70825c-046d-4c0b-a00c-c178e9f671ae,2024-12-16 13:32:23,neutral,
84eabfec-7be2-4fc3-b629-07386b850276,9a70825c-046d-4c0b-a00c-c178e9f671ae,2024-12-16 13:32:57,neutral,
84eabfec-7be2-4fc3-b629-07386b850276,9a70825c-046d-4c0b-a00c-c178e9f671ae,2024-12-16 13:33:31,neutral,
84eabfec-7be2-4fc3-b629-07386b850276,44787a54-0ec8-4169-93eb-b87992da9ba8,2024-12-16 13:38:27,confusion,
84eabfec-7be2-4fc3-b629-07386b850276,44787a54-0ec8-4169-93eb-b87992da9ba8,2024-12-16 13:39:04,engagement,
84eabfec-7be2-4fc3-b629-07386b850276,44787a54-0ec8-4169-93eb-b87992da9ba8,2024-12-16 13:39:46,neutral,
84eabfec-7be2-4fc3-b629-07386b850276,44787a54-0ec8-4169-93eb-b87992da9ba8,2024-12-16 13:40:20,frustration,
84eabfec-7be2-4fc3-b629-07386b850276,44787a54-0ec8-4169-93eb-b87992da9ba8,2024-12-16 13:40:54,neutral,
84eabfec-7be2-4fc3-b629-07386b850276,44787a54-0ec8-4169-93eb-b87992da9ba8,2024-12-16 13:41:28,neutral,
84eabfec-7be2-4fc3-b629-07386b850276,44787a54-0ec8-4169-93eb-b87992da9ba8,2024-12-16 13:42:01,frustration,neutral
84eabfec-7be2-4fc3-b629-07386b850276,44787a54-0ec8-4169-93eb-b87992da9ba8,2024-12-16 13:42:33,neutral,
84eabfec-7be2-4fc3-b629-07386b850276,44787a54-0ec8-4169-93eb-b87992da9ba8,2024-12-16 13:43:06,neutral,
84eabfec-7be2-4fc3-b629-07386b850276,44787a54-0ec8-4169-93eb-b87992da9ba8,2024-12-16 13:43:40,neutral,
84eabfec-7be2-4fc3-b629-07386b850276,44787a54-0ec8-4169-93eb-b87992da9ba8,2024-12-16 13:44:11,neutral,
84eabfec-7be2-4fc3-b629-07386b850276,44787a54-0ec8-4169-93eb-b87992da9ba8,2024-12-16 13:44:44,neutral,
84eabfec-7be2-4fc3-b629-07386b850276,44787a54-0ec8-4169-93eb-b87992da9ba8,2024-12-16 13:45:16,neutral,
84eabfec-7be2-4fc3-b629-07386b850276,44787a54-0ec8-4169-93eb-b87992da9ba8,2024-12-16 13:45:49,confusion,
84eabfec-7be2-4fc3-b629-07386b850276,44787a54-0ec8-4169-93eb-b87992da9ba8,2024-12-16 13:46:22,confusion,
84eabfec-7be2-4fc3-b629-07386b850276,44787a54-0ec8-4169-93eb-b87992da9ba8,2024-12-16 13:46:56,engagement,
84eabfec-7be2-4fc3-b629-07386b850276,44787a54-0ec8-4169-93eb-b87992da9ba8,2024-12-16 13:47:28,engagement,
84eabfec-7be2-4fc3-b629-07386b850276,44787a54-0ec8-4169-93eb-b87992da9ba8,2024-12-16 13:48:01,engagement,
84eabfec-7be2-4fc3-b629-07386b850276,44787a54-0ec8-4169-93eb-b87992da9ba8,2024-12-16 13:48:34,engagement,
